,Catchment  Annual Rainfall (mm),"Total Powerplant Design Discharge (m3/s)
","Transmission Line Length (km)
","Transmission Line Voltage level (kV)
","Turbine Discharge/ Min Flow
","Transmission Line Connected to S/S
","Full Supply Level (FSL) (m)
",Powerhouse Type,Dam Type,"Reservoir Area (km2)
","Estimated No. Construction Workers (planned projects)
","Total Length of Reservoir (km)
","Reservoir Live Storage (hm3)
","Reservoir Dead Storage (hm3)
","Reservoir Retention Period (days)
",Run-of-River or Storage,Township,"Myanmar Selfuse (MW)
",% use MYA,Export (MW),Height (m),Qmin/ MAF,Crest Length (m),"Distance along river between dam and powerhouse (km)
",Plant Factor,Installed Capacity (MW),Financiers,"GIS Rainfall
","Max reservoir area (FSL) (km2)
","Unit Flow (l/s/km2)
",District,"Mean annual inflow (MAF) into reservoir (m3/s)
",Developers,"Sub-Basin (GIS Maps)
",Status (labelled by IFC),State/Region,Basin,Annual Runoff into Reservoir (hm3),"Catchment Area (km2)
","Sub-Basin (HP Chapter)
","Mean annual energy (GW)
",Total storage (FSL) (mil. m3),Notes,River,Function,Country,Location_L,Location_1,Status,Project Name,COD Year,Project ID,geometry,ST,TS,TS_PCODE
0,,46.0,5.0,132,1.6,Baluchaung 2,867.0,Above ground,CG,0.0,,0.2,2.0,0.0,1.0,RoR,Loikaw,28.0,1.0,0.0,11,0.81,,10.3,0.82,28.0,Sole Investment,1493.0,0.0,4.6,Loikaw,36.5,MoEE,Baluchaung,Built,Kayah,Thanlwin,1151.0,7872.0,Nam Pawn,28,2,http://globalenergyobservatory.org/geoid/41487,Baluchaung,HP,Myanmar,97.287,19.648,Complete,Baluchaung 1,1992,DAM0001,POINT (97.28700000000001 19.648),Kayah,Loikaw,MMR002001
0,,48.0,0.0,230,1.6,Taungoo and Shwemyo,787.0,Above ground,Weir,0.0,,0.0,0.0,0.0,0.0,RoR,Loikaw,168.0,1.0,0.0,-,0.79,,7.1,0.81,168.0,Sole Investment,1493.0,0.0,4.8,Loikaw,38.0,MoEE,Baluchaung,Built,Kayah,Thanlwin,1198.0,7910.0,Nam Pawn,168,-,"This is definitely Baluchaung II. The sequence is, however, confusing, and there would appear to be four dams here, not just three.",Baluchaung,HP,Myanmar,97.358,19.557,Complete,Baluchaung 2,1974,DAM0002,POINT (97.358 19.557),Kayah,Loikaw,MMR002001
0,,51.0,5.0,132,1.7,Baluchaung 3,339.0,Above ground,Intake,0.0,,0.0,0.0,0.0,0.0,RoR,Loikaw,52.0,1.0,0.0,-,0.75,,5.1,0.73,52.0,Local BOT,1493.0,,5.0,Loikaw,40.2,Future Energy,Baluchaung,Built,Kayah,Thanlwin,1268.0,8042.0,Nam Pawn,52,-,"Not sure if this is a dam - may just be infrastructure. But assuming the sequence runs from Baluchaung 1 through 3, from north to south; and we know Baluchaung 2 is correct, then this is the only structure that can be Baluchaung 3.",Baluchaung,HP,Myanmar,97.397,19.546,Complete,Baluchaung 3,2014,DAM0003,POINT (97.39700000000001 19.546),Kayah,Loikaw,MMR002001
0,1925.0,16.0,32.0,66,3.3,Kalaw,1140.0,Above ground,,9.7,,,,,,,Pin Laung,30.0,1.0,0.0,35,0.43,,3.0,0.34,30.0,Local BOT,1493.0,,31.1,Taunggyi,11.1,NeoEnergy Oasis,Baluchaung,Construction,Shan,Thanlwin,349.0,356.0,Nam Pawn,30,,https://cdm.unfccc.int/filestorage/M/A/B/MABJRWF82L1DGKX4QCNOVSEH673ZP0/PDD_UB-2_ver1_131031.pdf?t=VGh8bzMxbDF5fDBh34XFFoXWAt3fwfAVE7xS,Baluchaung,HP,Myanmar,96.781918,20.484592,UC,Baluchaung (upper),2019,DAM0004,POINT (96.781918 20.484592),Shan (South),Pinlaung,MMR014009
0,,,,,,,,,Rockfill,19.4,700.0,,278.0,557.0,339.0,S,Kyauk Gyi,160.0,1.0,0.0,80,0.09,,0.0,0.36,160.0,Local BOT,2806.0,,36.5,Taungoo,9.5,Thoolei,Bawgata,LocMoU,Bago,Sittaung,300.0,260.0,Bawgata,160,835,,Bawgata,HP,Myanmar,96.848496,18.255561,Proposed,Bawgata,2020,DAM0005,POINT (96.848496 18.255561),Bago (East),Kyaukkyi,MMR007011
0,3700.0,,61.0,230,,Thaton,,,,310.0,1100.0,,9491.0,220.0,578.0,S,Bilin,280.0,1.0,0.0,131,0.05,,0.0,-,280.0,Local BOT,3138.0,,84.4,Thaton,190.0,HCDG,Bilin,LocMoU,Mon,Bilin,5992.0,2250.0,Bilin,280,9711,,Bilin River,HP,Myanmar,97.243546,17.519723,Proposed,Belin,2021,DAM0006,POINT (97.24354599999999 17.519723),Mon,Bilin,MMR011010
0,,,,,,,,,,76.2,600.0,,119.0,602.0,17.0,S,Setotaya,150.0,1.0,0.0,138,0.09,,0.0,0.41,150.0,Sole Investment,1694.0,,34.3,Minbu,79.0,MOALI,Mone Chaung,GOM Plan,Magway,Ayeyarwady,2491.0,2305.0,Mone Chaung,150,721,,Mon Chaung,MP,Myanmar,94.0818,20.76609,Proposed,Buywa (upper),2019,DAM0007,POINT (94.0818 20.76609),Magway,Sidoktaya,MMR009011
0,,,,,,,,,,38.1,,,139.0,70.0,0.0,-,Setotaya,42.0,1.0,0.0,46,,,0.0,-,42.0,Sole Investment,1694.0,,,Minbu,,MOALI,Mone Chaung,Construction,Magway,Ayeyarwady,0.0,3108.0,Mone Chaung,42,209,,Mon Chaung,MP,Myanmar,94.150833,20.658056,UC,Buywa,2018,DAM0008,POINT (94.15083300000001 20.658056),Magway,Sidoktaya,MMR009011
0,,2762.0,,,5.7,,400.0,Underground,CFRD,27.7,10700.0,62.0,380.0,1530.0,2.0,RoR,Chipwi,340.0,0.5,1700.0,203,0.22,,0.0,0.61,3400.0,Foreign JV/BOT,1540.0,,101.7,Myitkyina,2210.0,CPI,Nmae Hka,JVA,Kachin,Ayeyarwady,69695.0,21734.0,Ayeyarwady Headwaters,3400,1910,,N'Mai  Hka,HP,PRC,98.12572,25.8905,Proposed,Chipwi,2020,DAM0009,POINT (98.12572 25.8905),Kachin,Chipwi,MMR001005
0,,26.0,98.0,132,5.6,Waingmaw,740.0,Above ground,CG,0.1,,0.7,0.0,1.0,0.0,RoR,Chipwi,20.0,0.2,79.0,48,0.12,,16.7,0.69,99.0,Foreign JV/BOT,1540.0,,72.6,Myitkyina,40.1,SPIC,Nmae Hka,Built,Kachin,Ayeyarwady,1265.0,552.0,Ayeyarwady Headwaters,99,1,,Chipwi Hka,HP,PRC,98.184039,25.806073,Complete,Chipwi Nge,2013,DAM0010,POINT (98.184039 25.806073),Kachin,Chipwi,MMR001005
0,1330.0,,37.0,132,,Bamaw,250.0,Above ground,Concrete,0.4,,3.6,15.0,8.0,1.0,RoR,Bhamo,19.0,0.08,221.0,46,0.19,,4.3,0.51,240.0,Foreign JV/BOT,1686.0,0.32,53.1,Bhamo,319.0,China Datang,Dapein,Built,Kachin,Ayeyarwady,10060.0,6002.0,Dapein,240,22,Google Earth visible. See also https://cdm.unfccc.int/filestorage/t/m/XVMU7R9ONJBAP2ZGD8L3C4FYE5KHW0.pdf/PDD.pdf?t=Q2F8bzMzMW84fDAfiJMpRQsQs6aYwYImqFJ6,Dapein,HP,PRC,97.525448,24.421451,Complete,Dapein 1,2011,DAM0011,POINT (97.525448 24.421451),Kachin,Momauk,MMR001012
0,1330.0,380.0,16.0,230,5.9,Dapein1,179.0,Above ground,CG,,600.0,8.0,36.0,19.0,1.0,RoR,Moemauk,70.0,0.5,70.0,59,0.19,,0.0,0.52,140.0,Foreign JV/BOT,1686.0,,53.2,Bhamo,331.0,DUHD,Dapein,MOU,Kachin,Ayeyarwady,10438.0,6220.0,Dapein,140,55,,Dapein,HP,PRC,97.4214,24.36827,Proposed,Dapein 2,2022,DAM0012,POINT (97.42140000000001 24.36827),Kachin,Momauk,MMR001012
0,1300.0,840.0,20.0,132,6.6,Belin,81.0,In dam,RCC Gravity Dam,,200.0,21.0,,,0.0,ROR,Kyaukse,66.0,1.1,-6.0,27,0.21,620.0,0.0,0.64,60.0,Foreign JV/BOT,1596.0,43.38,17.1,Pyinoolwin,491.4,Andritz Hydro,Lower Myitnge,MOU,Mandalay,Ayeyarwady,15496.0,28695.0,Myitnge,60,13,Google Earth visible.,Lower Myitnge,HP,Austria,96.404455,21.68723,Proposed,Deedoke,2020,DAM0109,POINT (96.404455 21.68723),Mandalay,Pyinoolwin,MMR010008
0,2822.0,83.0,,,7.5,,405.0,Underground,CG,,500.0,5.0,30.0,4.0,9.0,S,Wyunmaw,130.0,1.0,0.0,81,0.29,,3.4,0.33,130.0,Foreign JV/BOT,,,58.2,Myitkyina,38.4,YBEP/Chan Yinn Khuu,Nmae Hka,MOU,Kachin,Ayeyarwady,1211.0,660.0,Ayeyarwady Headwaters,130,34,,N'Mai  Hka Tributary,HP,PRC/MYA,97.907021,25.511556,Proposed,Dum Ban,2020,DAM0014,POINT (97.907021 25.511556),Kachin,Waingmaw,MMR001002
0,3500.0,76.0,15.0,230,17.4,Hawkawn,1510.0,Above ground,CG,6.7,500.0,3.0,1.0,0.0,0.0,RoR,Chipwi,60.0,0.5,60.0,47,0.08,,11.0,0.56,120.0,Foreign JV/BOT,1540.0,,75.8,Myitkyina,56.1,YEIG/IGOEC,Naw Chang  Hka,JVA,Kachin,,1769.0,740.0,Ayeyarwady Headwaters,120,1,,Naw Chang  Hka,HP,PRC/MYA,98.580461,26.051936,Proposed,Gaw Lan,2026,DAM0015,POINT (98.580461 26.051936),Kachin,Chipwi,MMR001005
0,1100.0,360.0,,,5.9,,206.0,,,,700.0,29.0,,,,,,,0.0,,72,0.18,,0.0,0.48,180.0,Foreign JV/BOT,1446.0,,19.8,Bawlakhe,334.0,TEI/HCTC,Nam Pawn,MOU,Kayah,Thanlwin,10533.0,16884.0,Nam Pawn,180,333,,Nam Pawn,HP,SIN/MYA,97.399722,19.211667,Proposed,Hawkham (upper),2020,DAM0016,POINT (97.399722 19.211667),Kayah,Bawlake,MMR002005
0,,,,,,,,,,6.5,600.0,27.0,12.0,56.0,0.0,RoR,,69.0,0.5,69.0,,0.2,,0.0,0.4,138.0,Foreign JV/BOT,1381.0,,23.8,He Kou,359.0,YNIC,Nam Lwe,MOU,Shan,Mekong,11321.0,15103.0,Nam Lwe,138,68,,Nam Lwe,HP,PRC,100.720928,21.341291,Proposed,He Kou,2025,DAM0017,POINT (100.720928 21.341291),Shan (East),Mongyawng,MMR016011
0,3625.0,,15.0,230,,Tongxinqiao,,,,2.0,600.0,2.8,3.0,2.0,0.0,RoR,Tsawlaw,70.0,0.5,70.0,42,0.32,,0.0,0.63,140.0,Foreign JV/BOT,1540.0,,72.8,Myitkyina,96.5,YEIG/IGOEC,Naw Chang  Hka,MOA,Kachin,,3043.0,1326.0,Ayeyarwady Headwaters,140,5,,Naw Chang  Hka,HP,PRC/MYA,98.429523,26.023865,Proposed,Hkankawn,2026,DAM0112,POINT (98.429523 26.023865),Kachin,Chipwi,MMR001005
0,3000.0,1804.0,,,15.4,,665.0,Underground,CFRD,7.9,7100.0,31.0,229.0,306.0,2.0,RoR,Kanglanphu,,,,153,0.04,,0.0,0.73,2000.0,Foreign JV/BOT,2524.0,,103.7,Putau,1730.0,CPI,Nmae Hka,MOA,Kachin,Ayeyarwady,54557.0,16689.0,Ayeyarwady Headwaters,2000,535,,N'Mai  Hka,HP,PRC,98.34309,26.598389,Proposed,Pisa,2030,DAM0019,POINT (98.34309 26.598389),Kachin,Tsawlaw,MMR001006
0,2964.0,,,,,,,,,509.0,4600.0,,14610.0,6312.0,47.0,S,Htamanthi,,,,74,0.16,,0.0,0.64,1200.0,National Hydroelectric Power Corporation (India),,1396.0,108.8,Hkamti,3573.0,NHPC,Upper Chindwin,Suspended,Sagaing,Chindwin,112678.0,109.0,Chindwin,1200,20922,"An article dated Sept. 03, 2013 in the Shan Herald claims that India has cancelled the dam.",Chindwin,HP,India,95.296955,25.322227,Proposed,Tamanthi,,DAM0199,POINT (95.296955 25.322227),Sagaing,Homalin,MMR005034
0,2436.0,648.0,,230,3.7,230-kV TL Thaton SS and 33 kV TL Myainnggyingu SS MYA,48.0,At dam toe,RCC Gravity Dam,27.1,5100.0,16.0,171.0,338.0,0.0,RoR,Kamamung,136.0,0.1,1224.0,118,0.32,,0.0,0.61,1360.0,Foreign JV/BOT,1540.0,,14.2,Hpapun,4409.0,Sinohydro+EGATi+IGOEC,Lower Thanlwin,MOA,Kayin,Thanlwin,139042.0,311167.0,Thanlwin Mainstem,1360,509,Location: https://en.wikipedia.org/wiki/Hatgyi_Dam.,Thanlwin Mainstem,HP,PRC/THA/MYA,97.747,17.528,Proposed,Hutgyi,2020,DAM0021,POINT (97.747 17.528),Kayin,Hpapun,MMR003003
0,,,25.0,33,,Taungoo,119.0,Above ground,Rock/Embankment?,150.0,,16.0,384.0,1084.0,123.0,S,Oak Twin,30.0,1.0,0.0,61,0.12,,0.0,0.46,30.0,Sole Investment,2081.0,,33.3,Taungoo,36.1,MoEE/MOALI,Other Sittaung,Built,Bago,Sittaung,1138.0,1083.0,Other Sittaung,30,1468,,Kabaung Chaung,MP,Myanmar,96.220825,18.896717,Complete,Kabaung,2008,DAM0022,POINT (96.220825 18.896717),Bago (East),Oktwin,MMR007013
0,,51.0,119.0,132,4.2,Namsan,,Above ground,CG,0.1,,0.9,52.0,9.0,4.0,S,Moenane,54.0,1.0,0.0,27,0.22,,2.2,0.8,54.0,Sole Investment,1475.0,,19.5,Linkhe,164.8,MoEE,Nam Teng,Built,Shan,Thanlwin,5196.0,8450.0,Nam Teng,54,61,Google Earth visible.,Nam Teng,HP,Myanmar,98.29305,20.598345,Complete,Keng Tawng,2009,DAM0023,POINT (98.29304999999999 20.598345),Shan (South),Mongnai,MMR014019
0,,154.0,73.0,132,4.6,Namsan,,Semi underground,Rockfill,23.3,,,110.0,19.0,9.0,S,Keng Tawng,51.0,1.0,0.0,56,0.23,,0.0,0.52,51.0,Sole Investment,1475.0,,19.5,Linkhe,146.4,MoEE,Nam Teng,Construction,Shan,Thanlwin,4618.0,7510.0,Nam Teng,51,128,Google Earth visible.,Nam Teng,HP,Myanmar,98.184077,20.74558,UC,Keng Tawng (upper),2019,DAM0024,POINT (98.184077 20.74558),Shan (South),Mongnai,MMR014019
0,,,,,,,,,,8.4,700.0,26.0,12.0,21.0,1.0,RoR,,85.0,0.5,85.0,,0.2,,0.0,0.36,170.0,Foreign JV/BOT,1381.0,,24.4,Mongkhak,111.0,YNIC,Nam Lwe,MOU,Shan,Mekong,3500.0,4543.0,Nam Lwe,170,32,,Nam Lwe,HP,PRC,99.500985,21.617799,Proposed,Keng Tong,2025,DAM0025,POINT (99.500985 21.617799),Shan (East),Mongkhet,MMR016002
0,,,,,,,,,,5.4,300.0,24.0,8.0,33.0,0.0,RoR,,35.0,0.5,35.0,,0.2,,0.0,0.25,70.0,Foreign JV/BOT,1381.0,,23.8,He Kou,340.0,YNIC,Nam Lwe,MOU,Shan,Mekong,10722.0,14260.0,Nam Lwe,70,41,,Nam Lwe,HP,PRC,100.5619,21.3469,Proposed,Keng Yang,2025,DAM0026,POINT (100.5619 21.3469),Shan (East),Mongyawng,MMR016011
0,,1611.0,,,9.5,,875.0,Underground,CFRD,32.9,9100.0,85.0,1526.0,1574.0,12.0,S,Kanglanphu,,,,223,0.11,,0.0,0.62,2700.0,Foreign JV/BOT,1540.0,,102.4,Puta-O,1500.0,CPI,Nmae Hka,MOA,Kachin,,47304.0,14655.0,Ayeyarwady Headwaters,2700,3100,,N'Mai  Hka,HP,PRC,98.376808,26.849507,Proposed,Khaunglanphu,2030,DAM0121,POINT (98.376808 26.849507),Kachin,Khaunglanhpu,MMR001018
0,,,0.0,132,,"Ingone,Thazi",193.0,Above ground,Rockfill,28.6,,14.5,871.0,207.0,290.0,S,Kyaukse,56.0,1.0,0.0,72,0.2,620.0,0.0,0.34,56.0,Sole Investment,,43.38,15.5,Taunggyi,34.7,MoEE,Zawgyi/Myogyi,Built,Shan,Ayeyarwady,1094.0,2240.0,Myitnge,56,1078,Google Earth visible.,Panlaung Chaung,MP,Myanmar,96.321037,21.160437,Complete,Kinda,1990,DAM0028,POINT (96.321037 21.160437),Shan (South),Ywangan,MMR014007
0,,,41.0,230,,Chauk,190.0,Above ground,Earth/Rock,150.0,,23.0,1135.0,333.0,376.0,S,Pyu,60.0,1.0,0.0,73,0.09,,2.5,0.36,60.0,Sole Investment,2081.0,,40.8,Bago,34.9,MoEE,Other Sittaung,Built,Bago,,1101.0,855.0,Other Sittaung,60,1468,,Kun Chaung,MP,Myanmar,96.363854,18.420367,Complete,Kun Chaung,2012,DAM0125,POINT (96.363854 18.420367),Bago (East),Kyauktaga,MMR007006
0,,620.0,68.0,230,6.1,Theinni,519.0,At dam toe,CG,65.4,5200.0,55.0,208.0,483.0,1.0,RoR,Kunlong,700.0,0.5,700.0,103,0.27,,0.0,0.58,1400.0,Foreign JV/BOT,,,14.8,Kunlong,1910.0,"Hanergy YN, MPC",Upper Thanlwin,JVA,Shan,Thanlwin,60234.0,128989.0,Thanlwin Mainstem,1400,691,,Thanlwin Mainstem,HP,PRC/MYA,98.611111,23.531667,Proposed,KunLong,2023,DAM0030,POINT (98.61111099999999 23.531667),Shan (North),Kunlong,MMR015020
0,,,70.0,132,,Mann,120.0,Above ground,Earth,32.8,,29.8,571.0,0.0,52.0,S,Sidoktaya,74.0,1.0,0.0,50,0.1,,0.0,0.57,74.0,Sole Investment,1694.0,,24.9,Minbu,126.9,MOALI,Mone Chaung,Built,Magway,Ayeyarwady,4002.0,5100.0,Mone Chaung,74,571,,Mon Chaung,MP,Myanmar,94.416,20.331,Complete,Kyee Ohn Kyee Wa,2012,DAM0031,POINT (94.416 20.331),Magway,Sidoktaya,MMR009011
0,3124.0,,16.0,230,,Tongxinqiao,,,,12.4,2400.0,10.7,40.0,27.0,3.0,RoR,Tsawlaw,300.0,0.5,300.0,79,0.33,,0.0,0.46,600.0,Foreign JV/BOT,1540.0,,74.0,Myitkyina,154.0,YEIG/IGOEC,Naw Chang  Hka,MOA,Kachin,Ayeyarwady,4857.0,2080.0,Ayeyarwady Headwaters,600,67,,Naw Chang  Hka,HP,PRC/MYA,98.277743,26.043012,Proposed,Lawngdin,2026,DAM0134,POINT (98.277743 26.043012),Kachin,Tsawlaw,MMR001006
0,3560.0,,,,,,,,,36.0,2400.0,,7609.0,1520.0,218.0,S,,600.0,1.0,0.0,,,,0.0,0.68,600.0,Foreign JV/BOT,2750.0,,61.8,Mindat,404.0,Tractabel,Lemro,MOU,Chin,Rakhine,12741.0,6535.0,Lemro,600,9129,,Le Mro,HP,France,93.350503,20.857443,Proposed,Lemro 1,,DAM0033,POINT (93.350503 20.857443),Chin,Paletwa,MMR004009
0,3000.0,1844.0,,,4.4,,370.0,,CFRD,245.5,6800.0,115.0,5700.0,6080.0,35.0,S,Sumprabum,950.0,0.5,950.0,196,0.22,,0.0,0.88,1900.0,Foreign JV/BOT,2524.0,,123.6,Puta-O,1890.0,CPIYN,Mali Hka,JVA,Kachin,Ayeyarwady,59603.0,15291.0,Ayeyarwady Headwaters,1900,11780,,Mali Hka,HP,PRC,97.77695,26.491779,Proposed,Laza,2025,DAM0034,POINT (97.77695 26.491779),Kachin,Sumprabum,MMR001015
0,3335.0,,,,,,,,,193.0,400.0,,,4.0,,ROR,Mrauk Oo,90.0,1.0,0.0,,,,0.0,0.35,90.0,Foreign JV/BOT,2750.0,,63.4,Mrauk Oo,530.0,Tractabel,Lemro,MOU,Rakhine,Rakhine,16714.0,8355.0,Lemro,90,,,Le Mro,HP,France,93.268689,20.740347,Proposed,Lemro 2,,DAM0035,POINT (93.26868899999999 20.740347),Rakhine,Mrauk-U,MMR012003
0,1100.0,260.0,,,8.7,,292.0,At dam toe,,,400.0,36.0,,,,,,105.0,1.0,0.0,88,0.19,,0.0,0.67,105.0,Foreign JV/BOT,1446.0,,19.8,Loikaw,155.6,TEI/HCTC,Nam Pawn,MOU,Kayah,Thanlwin,4907.0,7860.0,Nam Pawn,105,526,,Nam Pawn,HP,SIN/MYA,97.408611,19.555,Proposed,Nam Pawn (lower),2020,DAM0036,POINT (97.40861099999999 19.555),Kayah,Shadaw,MMR002004
0,,,,,,,395.0,,,870.0,14500.0,380.0,37399.0,2401.0,156.0,S,Mongtong,700.0,0.1,6300.0,241,0.32,,0.0,0.57,7000.0,Foreign JV/BOT,1406.0,870.0,15.1,Monghsat,2776.0,Three Gorges+EGAT,Middle Thanlwin,MOU,Shan,Thanlwin,87544.0,183265.0,Thanlwin Mainstem,7000,39800,Location derived from https://en.wikipedia.org/wiki/Dams_in_Myanmar#Hydroelectric,Thanlwin Mainstem,HP,PRC/Thailand,98.65,20.456389,Proposed,Mong Ton,2030,DAM0037,POINT (98.65000000000001 20.456389),Shan (East),Mongton,MMR016008
0,1500.0,,32.0,230,,GaNaw-Kalay In/out,,,,,1500.0,45.0,874.0,769.0,52.0,S,Kalay,380.0,1.0,0.0,168,0.34,,0.0,0.57,380.0,Foreign JV/BOT,1803.0,,16.7,Falam,193.0,CHEC/Sein,Manipur,MOU,Chin,Chindwin,6086.0,11549.0,Manipur,380,1643,Earthworks Google Earth visible.,Manipur,MP,PRC/MYA,93.943248,22.804356,UC,Manipur,2020,DAM0142,POINT (93.943248 22.804356),Chin,Falam,MMR004001
0,1630.0,282.0,105.0,500,9.1,Theinni,492.0,River-bank,CFRD,10.5,900.0,86.0,498.0,717.0,74.0,S,Minemaw,113.0,0.5,113.0,109,0.78,518.0,0.0,0.47,225.0,Foreign JV/BOT,,,19.9,Hopang,78.3,HydroChina/IGOEC,Nam Ma,MOA,Shan,Thanlwin,2469.0,3936.0,Nam Ma,225,1215,Location: http://www.burmariversnetwork.org/index.php?option=com_content&view=article&id=981&Itemid=392; also http://www.irrawaddy.com/burma/meeting-salween-dams-troubles-shan-communities.html/attachment/map-shan-ngo-dams,Nam Ma,HP,PRC/MYA,98.55727,22.97469,Proposed,Mantong,2024,DAM0039,POINT (98.55727 22.97469),Shan (North),Mongmao,MMR015008
0,,,160.0,132,,Chauk,167.0,Above ground,Rockfill,41.5,,19.4,642.0,190.0,76.0,S,Setoktaya,75.0,1.0,0.0,61,0.1,,0.0,0.5,75.0,Sole Investment,1694.0,,26.3,Minbu,97.3,MoEE/MOALI,Mone Chaung,Built,Magway,Ayeyarwady,3068.0,3695.0,Mone Chaung,75,832,,Mon Chaung,MP,Myanmar,94.255325,20.479942,Complete,Mone Chaung,2004,DAM0040,POINT (94.255325 20.479942),Magway,Sidoktaya,MMR009011
0,1535.0,294.0,,,5.3,,555.0,Riverbed type,Gravity Dam,8.0,,30.5,22.0,56.0,1.0,RoR,KengTung,66.0,1.0,0.0,51,0.19,,0.0,0.57,66.0,Local BOT,1381.0,,20.7,Mong Yawng,285.0,ESDC,Nam Lwe,Built,Shan,Mekong,8988.0,13800.0,Nam Lwe,66,78,,Nam Lwe,HP,Myanmar,100.325821,21.39699,Complete,Mongwa,2017,DAM0041,POINT (100.325821 21.39699),Shan (East),Mongyawng,MMR016011
0,3234.0,7158.0,,,11.8,,245.0,Above ground,CFRD,397.0,14200.0,140.0,4503.0,8687.0,10.0,S,Myitkyina,600.0,0.1,5400.0,140,0.12,1310.0,0.0,0.6,6000.0,Foreign JV/BOT,,262.4,103.3,Myitkyina,5040.0,CPIYN/AWC,Upper Ayeyarwady Mainstem,JVA,Kachin,Ayeyarwady,158941.0,48782.0,Ayeyarwady,6000,13190,,Ayeyarwady,HP,PRC/MYA,97.535,25.715,Suspended,Myitsone,,DAM0150,POINT (97.535 25.715),Kachin,Injangyang,MMR001003
0,,38.0,40.0,66,24.0,GaNaw,,,Earth,12.2,,,172.0,153.0,45.0,S,GaNaw,40.0,1.0,0.0,63,0.04,,0.0,0.49,40.0,Sole Investment,1542.0,,24.2,GaNaw,43.9,MOALI,Myittha,Built,Magway,Chindwin,1384.0,1813.0,Myittha,40,325,,Myittha,MP,Myanmar,94.036944,21.992222,Complete,Myittha,2017,DAM0043,POINT (94.03694400000001 21.992222),Magway,Gangaw,MMR009023
0,,,16.0,33,,Taungtawgwin,193.0,Above ground,,9.7,,10.7,274.0,170.0,45.0,S,Ywa Ngan,30.0,1.0,0.0,79,0.16,,0.0,0.52,30.0,Sole Investment,1185.0,,18.3,Taunggyi,70.9,MOALI,Zawgyi/Myogyi,Built,Shan,Ayeyarwady,2236.0,3873.0,Myitnge,30,443,,Zawgyi River,MP,Myanmar,96.39144,21.46349,Complete,Myogyi,2015,DAM0151,POINT (96.39144 21.46349),Shan (South),Ywangan,MMR014007
0,1378.0,,,,,,483.0,,,75.1,900.0,80.0,266.0,184.0,19.0,S,Mong Sat,105.0,0.5,105.0,120,0.68,,0.0,0.51,210.0,Foreign JV/BOT,1356.0,,21.1,Hopang,165.0,YNIC,Nam Hka,MOU,Shan,Thanlwin,5203.0,7827.0,Nam Hka,210,450,,Nam Hka,HP,PRC,98.950044,21.733821,Proposed,Nam Hka,2025,DAM0265,POINT (98.95004400000001 21.733821),Shan (North),Matman,MMR015024
0,,,,,,,,,,,100.0,,,,,,,30.0,1.0,0.0,,0.19,,0.0,,30.0,Foreign JV/BOT,1628.0,,25.9,Hsipaw,35.4,PCR/SE,Upper Myitnge,MOU,Shan,Ayeyarwady,1116.0,1368.0,Myitnge,30,,,Myitnge Upper,HP,PRC/MYA,97.124079,22.560266,Proposed,Nam Hsim,2020,DAM0046,POINT (97.12407899999999 22.560266),Shan (North),Kyaukme,MMR015012
0,1150.0,,,,,,,,,,900.0,,,,,,,210.0,1.0,0.0,,0.17,,0.0,,210.0,Foreign JV/BOT,1628.0,,21.5,Hsipaw,143.0,PCR/SE,Upper Myitnge,MOU,Shan,Ayeyarwady,4510.0,6664.0,Myitnge,210,,,Myitnge Upper,HP,PRC/MYA,97.248615,22.155565,Proposed,Nam Lang,2020,DAM0047,POINT (97.248615 22.155565),Shan (North),Hsipaw,MMR015014
0,2913.0,33.0,,,4.3,,590.0,,CG,,700.0,1.0,1.0,0.0,1.0,RoR,Wyunmaw,165.0,1.0,0.0,44,0.29,,15.0,0.33,165.0,Foreign JV/BOT,,,63.9,Myitkyina,26.7,YBEP/Chan Yinn Khuu,Nmae Hka,MOU,Kachin,Ayeyarwady,842.0,418.0,Ayeyarwady Headwaters,165,2,,N'Mai  Hka Tributary,HP,PRC/MYA,97.811427,25.369858,Proposed,Nam Li,2020,DAM0155,POINT (97.81142699999999 25.369858),Kachin,Waingmaw,MMR001002
0,2964.0,304.0,48.0,132,53.0,Tacheleik,397.0,Riverbed,CG,,100.0,,12.0,2.0,3.0,RoR,Tachileik,36.0,1.0,0.0,26,0.12,,0.0,0.49,36.0,Local BOT,1408.0,,17.6,Tachileik,46.1,MAM,Nam Lin,LocMoU,Shan,Mekong,1454.0,2614.0,Nam Lin,36,14,,Nam Lin,HP,Myanmar,100.241026,20.742516,Proposed,Nam Lin,2021,DAM0049,POINT (100.241026 20.742516),Shan (East),Tachileik,MMR016009
0,1418.0,59.0,,,10.3,,805.0,At dam toe,,,100.0,1.3,31.0,21.0,11.0,S,Muse,20.0,1.0,0.0,54,0.18,,0.0,0.48,20.0,Local BOT,1533.0,,31.8,Muse,32.6,Great Hor Kham,Shweli,Covenant,Shan,Ayeyarwady,1028.0,1025.0,Shweli,20,52,,Nam Paw Creek,HP,Myanmar,97.911001,23.944341,Proposed,Nam Paw,2019,DAM0050,POINT (97.911001 23.944341),Shan (North),Namhkan,MMR015010
0,1100.0,65.0,,,4.6,,570.0,,,,600.0,0.2,,,,,,150.0,1.0,0.0,10,0.21,,17.8,0.6,150.0,Foreign JV/BOT,1446.0,,19.8,Hpi Hseng,66.4,TEI/HCTC,Nam Pawn,MOU,Shan,Thanlwin,2094.0,3352.0,Nam Pawn,150,7,,Nam Pawn,HP,SIN/MYA,97.437368,20.062121,Proposed,Nam Pawn (upper),2020,DAM0051,POINT (97.43736800000001 20.062121),Shan (South),Hsihseng,MMR014004
0,2500.0,113.0,,,19.3,,316.0,Above ground,CG,2.2,600.0,0.6,0.0,14.0,0.0,RoR,Waingmaw,,,,56,0.07,,6.0,0.54,141.0,Foreign JV/BOT,1910.0,,70.8,Myitkyina,79.4,China Guodian/Tun Thwin Mining),Namtabak,MOA,Kachin,Ayeyarwady,2504.0,1121.0,Namtabak,141,15,,Namtamhpak,HP,PRC/MYA,97.713906,25.090722,Proposed,Nam Tabak I,2027,DAM0156,POINT (97.71390599999999 25.090722),Kachin,Waingmaw,MMR001002
0,,113.0,,,4.1,,492.0,,CG,,400.0,4.0,,,0.0,,Hsipaw,100.0,1.0,0.0,114,0.21,,,0.72,100.0,Local BOT,1628.0,,19.0,Kyaukme,129.6,NCEH,Upper Myitnge,LocMoU,Shan,Ayeyarwady,4087.0,6832.0,Myitnge,100,,,Myitnge Upper,HP,Myanmar,97.319365,22.720943,Proposed,Nam Tu,2021,DAM0053,POINT (97.319365 22.720943),Shan (North),Namtu,MMR015015
0,1650.0,46.0,0.0,230,14.3,Upper Paunglaung,295.0,Above ground,,0.3,,3.0,4.0,5.0,2.0,RoR,Pyinmana,40.0,1.0,0.0,72,0.17,,5.2,0.43,40.0,Sole Investment,1269.0,,22.3,Det Khi Na,18.3,MoEE,Paung Laung,Built,Naypyitaw,Sittaung,577.0,821.0,Paung Laung,40,9,,Sin The Chaung,HP,Myanmar,96.450483,19.7412,Complete,Nancho,2013,DAM0054,POINT (96.45048300000001 19.7412),Nay Pyi Taw,Pyinmana,MMR018006
0,,,,,,,445.0,,RCC Gravity Dam,23.8,4600.0,110.0,277.0,580.0,1.0,RoR,Tangyan,600.0,0.5,600.0,90,0.27,265.0,0.0,0.59,1200.0,Foreign JV/BOT,,,15.9,Lashio,2250.0,HydroChina/IGOEC,Upper Thanlwin,MOA,Shan,Thanlwin,70956.0,141127.0,Thanlwin Mainstem,1200,857,Location: http://www.burmariversnetwork.org/index.php?option=com_content&view=article&id=981&Itemid=392,Thanlwin Mainstem,HP,PRC/MYA,98.499151,22.987464,Proposed,Naopha,2026,DAM0055,POINT (98.499151 22.987464),Shan (North),Lashio,MMR015001
0,1650.0,310.0,13.0,230,17.4,Pyinmana,225.0,,RCC,17.0,,16.0,350.0,340.0,32.0,S,Pyinmana,280.0,1.0,0.0,131,0.14,,0.0,0.37,280.0,Sole Investment,1269.0,,29.2,Det Khi Na,128.0,MoEE/MOALI,Paung Laung,Built,Naypyitaw,Sittaung,4037.0,4381.0,Paung Laung,280,690,,Paung Laung Chaung,MP,Myanmar,96.335,19.785,Complete,Paung Laung (lower),2005,DAM0056,POINT (96.33499999999999 19.785),Nay Pyi Taw,Pyinmana,MMR018006
0,1800.0,100.0,8.0,230,8.1,Bluchaung2-Shwemyo In/out,284.0,,RCC,9.6,400.0,10.0,214.0,215.0,29.0,S,Pyinmana,100.0,1.0,0.0,110,0.15,,0.0,0.39,100.0,Foreign JV/BOT,1269.0,,31.1,Nay Pyi Taw,84.6,Energized Myanmar,Paung Laung,MOU,Mandalay,Sittaung,2668.0,2722.0,Paung Laung,100,429,,Paung Laung Chaung,HP,SIN,96.508,19.86,Proposed,Paung Laung (middle),2021,DAM0057,POINT (96.508 19.86),Shan (South),Pinlaung,MMR014009
0,1710.0,200.0,27.0,230,17.4,Nancho,370.0,Above ground,RCC,61.0,,50.0,860.0,426.0,121.0,S,Pyinmana,140.0,1.0,0.0,98,0.14,,0.0,0.37,140.0,Sole Investment,1269.0,,32.0,Nay Pyi Taw,82.4,MoEE,Paung Laung,Built,Mandalay,Sittaung,2599.0,2572.0,Paung Laung,140,1286,,Paung Laung Chaung,HP,Myanmar,96.598,19.756,Complete,Paung Laung (upper),2015,DAM0058,POINT (96.598 19.756),Shan (South),Pekon,MMR014010
0,1100.0,65.0,,,4.9,,900.0,Underground,,,400.0,1.0,,,,,,105.0,1.0,0.0,20,0.21,,10.3,0.61,105.0,Foreign JV/BOT,1446.0,,19.7,Hpi Hseng,62.0,TEI/HCTC,Nam Pawn,MOU,Shan,Thanlwin,1955.0,3151.0,Nam Pawn,105,20,,Nam Pawn,HP,SIN/MYA,97.456152,20.209251,Proposed,Hpak Nam,62,DAM0261,POINT (97.456152 20.209251),Shan (South),Mawkmai,MMR014020
0,1100.0,65.0,,,4.7,,665.0,,,,200.0,1.0,,,,,,45.0,1.0,0.0,10,0.21,,6.0,0.67,45.0,Foreign JV/BOT,1446.0,,19.8,Hpi Hseng,64.6,TEI/HCTC,Nam Pawn,MOU,Shan,Thanlwin,2037.0,3265.0,Nam Pawn,45,4,,Nam Pawn,HP,SIN/MYA,97.43497,20.118443,Proposed,Hpi Hseng,2020,DAM0060,POINT (97.43497000000001 20.118443),Shan (South),Mawkmai,MMR014020
0,2540.0,,8.0,230,,Taungoo-Tharyargone In/out,162.0,Above ground,Rockfill,24.0,,27.0,727.0,52.0,233.0,S,Phyu,40.0,1.0,0.0,75,0.1,,0.0,0.34,40.0,Sole Investment,2081.0,,33.1,Taungoo,36.2,MoEE/MOALI,Other Sittaung,Built,Bago,Sittaung,1142.0,1093.0,Other Sittaung,40,780,,Pyu Chaung,MP,Myanmar,96.351028,18.506214,Complete,Phyu Chaung,2015,DAM0061,POINT (96.351028 18.506214),Bago (East),Phyu,MMR007012
0,,1082.0,,,16.1,,1010.0,Ground,CFRD,9.2,4600.0,56.0,578.0,605.0,6.0,S,Khawbude,,,,159,0.1,,0.0,0.7,1200.0,Foreign JV/BOT,1540.0,,96.2,Puta-O,1070.0,CPI,Nmae Hka,MOA,Kachin,Ayeyarwady,33744.0,11123.0,Ayeyarwady Headwaters,1200,1183,,N'Mai  Hka,HP,PRC,98.090192,27.525941,Proposed,Renan,2030,DAM0062,POINT (98.090192 27.525941),Kachin,Nawngmun,MMR001017
0,,,212.0,132,,Kyaukpahto,129.0,Above ground,Rockfill,40.5,,16.1,344.0,104.0,30.0,S,Mandalay,25.0,1.0,0.0,41,0.15,,0.0,0.61,25.0,Sole Investment,1802.0,,38.4,Pyinoolwin,131.6,MoEE,Ma Gyi Chaung,Built,Mandalay,Ayeyarwady,4150.0,3424.0,Ma Gyi Chaung,25,448,,Ma Gyi Chaung,MP,Myanmar,96.326937,22.348646,Complete,Sedawgyi,1989,DAM0184,POINT (96.326937 22.348646),Mandalay,Madaya,MMR010009
0,889.0,,0.0,132,,Kyaukpahto/Aungpinle,,,,24.0,300.0,,481.0,112.0,55.0,S,Mandalay,64.0,1.0,0.0,73,0.16,,0.0,-,64.0,Sole Investment,1802.0,,38.3,Kyaukme,101.0,MOALI,Ma Gyi Chaung,GOM Plan,Shan,Ayeyarwady,3185.0,2640.0,Ma Gyi Chaung,64,593,,Ma Gyi Chaung,MP,Myanmar,96.20626,22.74764,Proposed,Sedawgyi (upper),,DAM0064,POINT (96.20626 22.74764),Shan (North),Nawnghkio,MMR015013
0,3700.0,207.0,41.0,230,51.9,Tharyargone,84.0,Above ground,Rockfill,58.4,,35.0,1450.0,630.0,427.0,S,Shwegyin,75.0,1.0,0.0,57,0.1,,0.0,0.4,75.0,Sole Investment,2081.0,,44.8,Bago,39.3,MoEE,Other Sittaung,Built,Bago,Sittaung,1239.0,878.0,Other Sittaung,75,2080,,Shwegyin River,HP,Myanmar,96.935001,17.970227,Complete,Shwegyin,2011,DAM0065,POINT (96.935001 17.970227),Bago (East),Shwegyin,MMR007008
0,1418.0,230.0,96.0,230,2.0,Mansan,745.0,Above ground,CG,1.1,,10.5,,,,,Manthet Village,400.0,0.67,200.0,47,0.29,177.0,9.5,0.77,600.0,Foreign JV/BOT,1533.0,,31.8,Muse,400.0,YUPD,Shweli,Built,Shan,Ayeyarwady,12614.0,12597.0,Shweli,600,24.11,Google Earth visible.,Shweli,HP,PRC,97.506,23.698,Complete,Shweli 1,2009,DAM0066,POINT (97.506 23.698),Shan (North),Namhkan,MMR015010
0,1418.0,526.0,70.0,230,5.2,Shweli3,395.0,Bankside,CFRD,27.9,2100.0,20.0,42.0,30.0,1.0,RoR,Namkham,260.0,0.5,260.0,92,0.25,,0.0,0.62,520.0,Foreign JV/BOT,1533.0,,30.5,Muse,405.2,HIE/AWC,Shweli,MOA,Shan,Ayeyarwady,12778.0,13265.0,Shweli,520,72,,Shweli,HP,PRC/MYA,97.31235,23.6531,Proposed,Shweli 2,2021,DAM0067,POINT (97.31235 23.6531),Shan (North),Manton,MMR015019
0,1418.0,1200.0,420.0,500,10.5,Meikhtila,235.0,Above ground,RCC,118.0,,65.0,3610.0,1854.0,92.0,S,Namkham,1050.0,1.0,0.0,122,0.25,,0.0,0.37,1050.0,Foreign JV/BOT,1533.0,,30.5,Kyaukme,452.0,EDF SA,Shweli,Construction,Shan,Ayeyarwady,14254.0,14810.0,Shweli,1050,5464,,Shweli,HP,France,96.769,23.315,UC,Shweli 3,2020,DAM0068,POINT (96.76900000000001 23.315),Shan (North),Mabein,MMR015018
0,,,,,,,,,,40.9,1000.0,72.0,714.0,624.0,46.0,S,Moemeik,120.0,0.5,120.0,-,0.2,,,-,240.0,Foreign JV/BOT,1381.0,,24.3,Monghpyak,178.0,YNIC,Nam Lwe,MOU,Shan,Mekong,5613.0,7315.0,Nam Lwe,240,1338,,Nam Lwe,HP,PRC,100.176054,21.359543,Proposed,Suo Lwe,2025,DAM0069,POINT (100.176054 21.359543),Shan (East),Mongla,MMR016005
0,2930.0,,32.0,230,,Dawei,,,,585.0,2400.0,,8615.0,18471.0,212.0,S,Tanintharyi,,,,-,0.12,,0.0,0.66,600.0,Foreign JV/BOT,2123.0,,47.6,Tenasserim,470.0,Italian-Thai,Tanintharyi,Suspended,Tanintharyi,Tanintharyi,14822.0,9870.0,Tanintharyi,600,27086,,Taninthayi,HP,Thailand,98.94,12.777,Proposed,Taninthayi,,DAM0070,POINT (98.94 12.777),Tanintharyi,Tanintharyi,MMR006008
0,,200.0,9.0,230,0.0,Oakshitpin-Toungup In/out,81.0,Semi-Underground,Zone type/Rockfill,,,32.0,,,,-,Thandwe,111.0,1.0,0.0,91,,,0.0,0.4,111.0,Sole Investment,2545.0,,,Thandwe,,MoEE,Thahtay,Construction,Rakhine,Rakhine,0.0,1293.0,Thahtay,111,,,Thahtay,HP,Myanmar,94.381,18.64,UC,Thahtay,2020,DAM0071,POINT (94.381 18.64),Rakhine,Thandwe,MMR012015
0,,,53.0,132,,Ngapyadaing,159.0,Above ground,Earth,397.1,,42.8,3072.0,481.0,170.0,S,Kyun Hla,30.0,1.0,0.0,33,0.09,,0.0,0.45,30.0,Sole Investment,1260.0,,22.4,Shwebo,209.0,MoEE/MOALI,Mu,Built,Sagaing,Ayeyarwady,6591.0,9338.0,Mu,30,3552,,Mu River,MP,Myanmar,95.35833,23.305918,Complete,Thapanzeik,2002,DAM0205,POINT (95.35833 23.305918),Sagaing,Kyunhla,MMR005008
0,2692.0,,23.0,230,,Taungoo,,,Earth,13.8,,22.0,148.0,296.0,34.0,S,Tangoo,120.0,1.0,0.0,94,0.11,,0.0,0.57,120.0,Local BOT,2081.0,,23.2,Hpa-An,50.5,Gold Energy,Other Sittaung,Built,Kayin,Sittaung,1593.0,2175.0,Other Sittaung,120,444,,Thauk Ye Khat,HP,Myanmar,96.619907,18.914102,Complete,Thauk Ye Khat 2,2014,DAM0073,POINT (96.619907 18.914102),Kayin,Thandaunggyi,MMR003004
0,3268.0,146.0,130.0,500,3.3,Winemaw,1075.0,Bankside,CG,8.8,1400.0,4.0,4.0,2.0,0.0,RoR,Myitkyina,170.0,0.5,170.0,63,0.32,,13.0,0.57,340.0,Foreign JV/BOT,1540.0,,77.5,Myitkyina,135.1,YEIG/IGOEC,Naw Chang  Hka,JVA,Kachin,Ayeyarwady,4262.0,1743.0,Ayeyarwady Headwaters,340,5,,Naw Chang  Hka,HP,PRC/MYA,98.360249,25.963646,Proposed,Tongxinqiao,2026,DAM0212,POINT (98.360249 25.963646),Kachin,Chipwi,MMR001005
0,,1718.0,,,8.4,,525.0,,CFRD,6.3,6500.0,29.0,150.0,455.0,1.0,RoR,Myitkyina,,,,165,0.11,,0.0,0.85,1800.0,Foreign JV/BOT,1540.0,,104.8,Myitkyina,1910.0,CPI,Nmae Hka,MOA,Kachin,Ayeyarwady,60234.0,18225.0,Ayeyarwady Headwaters,1800,605,,N'Mai  Hka,HP,PRC,98.292511,26.403585,Proposed,Wutsok,2030,DAM0075,POINT (98.292511 26.403585),Kachin,Tsawlaw,MMR001006
0,,,27.0,33,,Tharyargone,103.0,,Earth,76.7,,36.0,,149.0,0.0,RoR,Kyauktaga,25.0,1.0,0.0,77,0.07,,0.0,0.56,25.0,Sole Investment,2081.0,,49.3,Bago,39.1,MoEE/MOALI,Other Sittaung,Built,Bago,Sittaung,1233.0,793.0,Other Sittaung,25,149,,Ye Nwe Chaung,MP,Myanmar,96.446152,18.085211,Complete,Yenwe,2007,DAM0076,POINT (96.446152 18.085211),Bago (East),Kyauktaga,MMR007006
0,838.0,840.0,0.0,230,5.3,"Belin, Meiktila",185.0,Above ground,RCC,59.0,,75.0,1630.0,1000.0,39.0,S,Kyaukse,790.0,1.0,0.0,132,0.33,690.0,0.0,0.51,790.0,Sole Investment,1600.0,59.57,17.1,Pyinoolwin,483.0,MoEE,Lower Myitnge,Built,Mandalay,Ayeyarwady,15232.0,28206.0,Myitnge,790,2630,Google Earth visible.,Lower Myitnge,HP,Myanmar,96.474077,21.675196,Complete,Yeywa,2010,DAM0077,POINT (96.47407699999999 21.675196),Mandalay,Pyinoolwin,MMR010008
0,1300.0,592.0,0.0,TBD,4.5,500kV Meilhtila S/S,320.0,Underground,RCC/Arch dam,11.0,2800.0,70.0,196.0,258.0,6.0,S,Nawng Khio,700.0,1.0,0.0,160,0.32,,0.0,0.53,700.0,Foreign JV/BOT,1608.0,,16.2,Kyaukme,412.0,SN Power,Lower Myitnge,MOU,Shan,Ayeyarwady,12993.0,25490.0,Myitnge,700,454,,Lower Myitnge,HP,Norway,96.87313,21.96024,Proposed,Yeywa (middle),2020,DAM0078,POINT (96.87313 21.96024),Shan (South),Lawksawk,MMR014008
0,1270.0,127.0,130.0,230,4.2,Shwesaryan,395.0,Above ground,RCC,26.9,,54.0,196.0,145.0,6.0,S,Kyautme,280.0,1.0,0.0,97,0.32,,0.0,0.57,280.0,Sole Investment,1628.0,,17.1,Pyinoolwin,371.0,MoEE,Lower Myitnge,Construction,Shan,Ayeyarwady,11700.0,21700.0,Myitnge,280,341,,Lower Myitnge,HP,Myanmar,97.046741,22.254093,UC,Yeywa (upper),2019,DAM0079,POINT (97.046741 22.254093),Shan (North),Kyaukme,MMR015012
0,,5325.0,,,4.8,,215.0,Power House At Dam Toe,RCC Gravity Dam,43.5,11900.0,130.0,3330.0,7427.0,11.0,S,Ywathit,400.0,0.1,3600.0,167,0.33,,0.0,0.73,4000.0,Foreign JV/BOT,,,16.3,Bawlake,3400.0,CDOI/STH,Middle Thanlwin,MOA,Kayah,Thanlwin,107222.0,208984.0,Thanlwin Mainstem,4000,10757,,Thanlwin Mainstem,HP,PRC/MYA,97.521257,19.131059,Proposed,Ywathit,2030,DAM0275,POINT (97.52125700000001 19.131059),Kayah,Bawlake,MMR002005
0,,,73.0,66,,Kamarnat,65.0,,Embankment,14.9,,18.5,302.0,105.0,61.0,S,Bago,20.0,1.0,0.0,45,0.07,,0.0,0.43,20.0,Sole Investment,3151.0,,51.9,Bago,57.0,MoEE,Bago,Built,Bago,Myit Mo Hka & Bago,1798.0,1098.0,Bago,20,407,,Bago River,HP,Myanmar,96.19898,17.755818,Complete,Zaungtu,2000,DAM0081,POINT (96.19898000000001 17.755818),Bago (East),Bago,MMR007001
0,,,76.0,66,,Aungthapye,833.0,Above ground,,0.0,,0.0,0.0,0.0,0.0,RoR,Yaksauk,18.0,1.0,0.0,-,0.16,,1.7,0.22,18.0,Sole Investment,1185.0,,21.3,Taunggyi,30.0,MoEE,Zawgyi/Myogyi,Built,Shan,Ayeyarwady,946.0,1406.0,Myitnge,18,-,,Zawgyi River,HP,Myanmar,96.90147,21.3833,Complete,Zawgyi I,1995,DAM0082,POINT (96.90147 21.3833),Shan (South),Lawksawk,MMR014008
0,,,23.0,66,,Zawgyi1,653.0,Above ground,Earth,38.5,,8.2,516.0,123.0,139.0,S,Yaksauk,12.0,1.0,0.0,44,0.16,,0.0,0.29,12.0,Sole Investment,1185.0,,22.4,Taunggyi,42.8,MoEE/MOALI,Zawgyi/Myogyi,Built,Shan,Ayeyarwady,1350.0,1907.0,Myitnge,12,639,,Zawgyi River,MP,Myanmar,96.8726,21.5648,Complete,Zawgyi II,2011,DAM0083,POINT (96.87260000000001 21.5648),Shan (South),Lawksawk,MMR014008
0,,,,,,,,,,,,,,,,ROR,Waingmaw,11.0,1.0,0.0,,0.2,,5.7,0.58,11.0,Local BOT,1828.0,,49.0,Myitkyina,14.2,Buga Co.,Mali Creek,Built,Kachin,Ayeyarwady,448.0,290.0,Mali Creek,11,,Uncertain what kind of dam this is.,Mali Creek,HP,Myanmar,97.6135,24.98458,Complete,Mali,2006,DAM0084,POINT (97.6135 24.98458),Kachin,Waingmaw,MMR001002
0,2500.0,108.0,,,7.1,,476.0,Above ground,CG,,600.0,2.6,,,,ROR,Waingmaw,,,,27,0.2,,10.0,0.5,144.0,Foreign JV/BOT,1910.0,,62.1,Myitkyina,80.0,China Guodian/Tun Thwin Mining),Namtabak,MOA,Kachin,Ayeyarwady,2523.0,1289.0,Namtabak,144,,,Namtamhpak,HP,PRC/MYA,97.650627,25.119755,Proposed,Nam Tabak II,2027,DAM0157,POINT (97.650627 25.119755),Kachin,Waingmaw,MMR001002
0,,,,,,,,,,,100.0,,,,,,,30.0,,30.0,,0.15,,0.0,,30.0,Local BOT,1368.0,,13.4,Mong Hsat,21.2,Suntac Power Co.,Nam Hkoke,LocMoU,Shan,Mekong,669.0,1284.0,Nam Hkoke,30,,,Nam Hkoke,HP,Myanmar,99.375,20.662222,Proposed,Mong Hsat,,DAM0086,POINT (99.375 20.662222),Shan (East),Monghsat,MMR016006
0,,,,,,,,,,,200.0,,,,,,,,,,,,,,,,,3018.0,,86.8,Myitkyina,6.6,,Chindwin Headwater 2,Identified,Kachin,Chindwin,208.0,76.0,Chindwin Headwater 2,50,,,Nam Lanog Hka,,,96.52987,26.309687,Identified Sites,Tawog Hka,,DAM0087,POINT (96.52987 26.309687),Kachin,Tanai,MMR001004
0,,,,,,,,,,,600.0,,,,,,,,,,,,,,,,,2957.0,,95.7,Myitkyina,463.0,,Chindwin Headwater 1,Identified,Kachin,Chindwin,14601.0,4837.0,Chindwin Headwater 1,150,,,Ta Rung Hka,,,96.46829,26.718029,Identified Sites,Ta Rung Hka,,DAM0088,POINT (96.46829 26.718029),Kachin,Tanai,MMR001004
0,,,,,,,,,,,100.0,,,,,,,,,,,,,,,,,3018.0,,80.2,Myitkyina,168.0,,Chindwin Headwater 2,Identified,Kachin,Chindwin,5298.0,2095.0,Chindwin Headwater 2,15,,,Ta Nai Hka,,,96.95008,26.294175,Identified Sites,Ta Nai Hka,,DAM0089,POINT (96.95008 26.294175),Kachin,Tanai,MMR001004
0,,,,,,,,,,,600.0,,,,,,,,,,,,,,,,,2081.0,,22.2,,36.0,,Other Sittaung,Identified,Kayin,Sittaung,1135.0,1621.0,Other Sittaung,150,,,Thauk Ye Khat,,,96.719624,18.938587,Identified Sites,Thauk Ye Khat 1,,DAM0090,POINT (96.719624 18.938587),Kayin,Thandaunggyi,MMR003004
0,,,,,,,,,,,400.0,,,,,,,,,,,,,,,,,1709.0,,29.3,Panan,40.0,,Yunzalin HPP,Identified,Kayin,Thanlwin,1261.0,1365.0,Yunzalin,100,,,,,,97.34081,18.29496,Identified Sites,Yunzalin,,DAM0091,POINT (97.34081 18.29496),Kayin,Hpapun,MMR003003
0,,,,,,,,,,,100.0,,,,,,,,,,,,,,,,,3137.0,,45.7,Kawareik,3.7,,Lam Pha HPP,Identified,Kayin,Thanlwin,117.0,81.0,Lam Pha,20,,,Lam Pha,,,98.348758,16.305021,Identified Sites,Lam Pha,,DAM0092,POINT (98.348758 16.305021),Kayin,Kyainseikgyi,MMR003007
0,,,,,,,,,,,800.0,,,,,,,,,,,,,,,,,2665.0,,,Mindat,,,Kaladan,Identified,Chin,Rakhine,0.0,1296.0,Kaladan,200,,,Mi Chaung,,,93.073495,21.334187,Identified Sites,Mi Chaung,,DAM0093,POINT (93.07349499999999 21.334187),Chin,Paletwa,MMR004009
0,,,,,,,,,,,50.0,,,,,,,,,,,,,,,,,2187.0,,66.2,Hkamti,629.0,,Uyu,Identified,Sagaing,Chindwin,19836.0,9495.0,Uyu,12,,,Uyu,,,95.294431,24.865948,Identified Sites,U Yu Chaung,,DAM0094,POINT (95.294431 24.865948),Sagaing,Homalin,MMR005034
0,,,,,,,,,,,100.0,,,,,,,,,,,,,,,,,2123.0,,17.6,Myeik,22.0,,Tanintharyi,Identified,Tanintharyi,Tanintharyi,694.0,1248.0,Tanintharyi,25,,,Thein Kun,,,99.331205,11.769949,Identified Sites,Thein Kun Chaung,,DAM0095,POINT (99.331205 11.769949),Tanintharyi,Tanintharyi,MMR006008
0,,,,,,,,,,,100.0,,,,,,,,,,,,,,,,,2123.0,,32.6,,36.0,,Tanintharyi,Identified,Tanintharyi,Tanintharyi,1135.0,1104.0,Tanintharyi,20,,,Tha Gyet,,,99.227161,12.132896,Identified Sites,Tha Gyet Chaung,,DAM0096,POINT (99.227161 12.132896),Tanintharyi,Tanintharyi,MMR006008
0,,,,,,,,,,,200.0,,,,,,,,,,,,,,,,,2942.0,,45.0,,2.7,,Glohong Kra HPP,Identified,Tanintharyi,Tanintharyi,85.0,60.0,Glohong Kra,40,,,Glohong Kra,,,98.858324,10.775209,Identified Sites,Glohong Kra,,DAM0097,POINT (98.858324 10.775209),Tanintharyi,Kawthoung,MMR006009
0,,,,,,,,,,,40.0,,,,,,,,,,,,,,,,,3818.0,,87.1,Kawareik,2.7,,Myet Taw Chaung HPP,Identified,Kayin,Thanlwin,85.0,31.0,Myet Taw Chaung,10,,,Myet Taw Chaung,,,97.915769,15.682011,Identified Sites,Myet Taw Chaung,,DAM0098,POINT (97.915769 15.682011),Kayin,Kyainseikgyi,MMR003007
0,,,,,,,,,,,100.0,,,,,,,,,,,,,,,,,1385.0,,35.5,Thayet,24.0,,Mindon HPP,Identified,Magway,Ayeyarwady,757.0,676.0,Mindon,18,,,,,,94.712866,19.37089,Identified Sites,Mindon,,DAM0099,POINT (94.71286600000001 19.37089),Magway,Mindon,MMR009014
0,,,,,,,,,,,200.0,,,,,,Thandwe,,,,,,,,0.31,,,2665.0,,,Thandwe,,,Than Dwe HPP,Identified,Rakhine,Rakhine,0.0,738.0,Than Dwe,39,,,Than Dwe,,,94.493902,18.386144,Identified Sites,Than Dwe,,DAM0100,POINT (94.49390200000001 18.386144),Rakhine,Thandwe,MMR012015
0,,,,,,,,,,,100.0,,,,,,,,,,,,,,0.62,,,2665.0,,,,,,Kyein Ta Li HPP,Identified,Rakhine,Rakhine,0.0,880.0,Kyein Ta Li,28,,,Kyein Ta Li,,,94.576508,17.950012,Identified Sites,Kyein Ta Li,,DAM0101,POINT (94.576508 17.950012),Rakhine,Gwa,MMR012017
0,,,,,,,,,,,100.0,,,,,,,,,,,,,,,,,1368.0,,15.7,Mong Hsat,43.0,,Nam Hkoke,Identified,Shan,Mekong,1356.0,2736.0,Nam Hkoke,30,,,Nam Hkoke,,,99.34667,20.196337,Identified Sites,Nam Hkok,,DAM0102,POINT (99.34667 20.196337),Shan (East),Monghsat,MMR016006
0,,,,,,,,,,,300.0,,,,,,BuuTheeTaung,,,,,,,,0.35,77.0,,4428.0,,,,,,Saing Din Creeek,Identified,Rakhine,Rakhine,0.0,926.0,Saing Din Creek,77,,,,,,92.652188,20.893779,Identified Sites,Saing Din,,DAM0103,POINT (92.652188 20.893779),Rakhine,Buthidaung,MMR012010
0,,,,,,,,,,,50.0,,,,,,,,,,,,,,,,,2123.0,,46.0,,72.0,,Tanintharyi,Identified,Tanintharyi,Tanintharyi,2271.0,1565.0,Tanintharyi,11,,,,,,98.98167,12.829406,Identified Sites,Sar Ra Wa Chaung,,DAM0104,POINT (98.98166999999999 12.829406),Tanintharyi,Tanintharyi,MMR006008
0,,,,,,,,,,,,,,,,,,,,,,,277.0,,,,,,10.73,,,,,,,,,,,,n/a,120.56,Google Earth visible. DoI/MoAI Data.,Bawbin,IRR,MYN,95.796146,18.362836,Complete,Bawbin,2002,DAM0105,POINT (95.79614599999999 18.362836),Bago (West),Gyobingauk,MMR008014
0,,,,,,,,,,,,,,,,,,,,,,,,,,,,,,,,,,,,,,,,,n/a,,Google Earth visible. DoI/MoAI Data.,,IRR,MYN,95.528459,19.313794,Complete,Bewt Gyi,,DAM0106,POINT (95.528459 19.313794),Magway,Aunglan,MMR009016
0,,,,,,,,,,,,,,,,,,,,,,,,,,,,,7.2,,,,,,,,,,,,n/a,75,Google Earth visible. DoI/MoAI Data.,Gyobyu Chaung,WS,MYN,96.035673,17.376582,Complete,Gyobyu,1940,DAM0111,POINT (96.035673 17.376582),Yangon,Taikkyi,MMR013005
0,,,,,,,,,,,,,,,,,,,,,,,1371.533069,,,,,,1.38,,,,,,,,,,,,n/a,6.624,Google Earth visible. DoI/MoAI Data.,,IRR,MYN,94.580082,21.999294,Complete,Hlaing Chaung,2006,DAM0113,POINT (94.580082 21.999294),Sagaing,Pale,MMR005019
0,,,,,,,,,,,,,,,,,,,,,,,,,,,,,11.4,,,,,,,,,,,,n/a,54,Google Earth visible. DoI/MoAI Data.,,WS,MYN,96.11125,16.97279,Complete,Hlaw Ga,,DAM0114,POINT (96.11125 16.97279),Yangon,Shwepyithar,MMR013007
0,,,,,,,,,,,,,,,,,,,,,,,335.2636391,,,,,,0.54,,,,,,,,,,,,n/a,3.454,Google Earth visible. DoI/MoAI Data.,Htanzaloke,IRR,MYN,95.257973,22.159941,Complete,Htanzaloke,1996,DAM0115,POINT (95.25797300000001 22.159941),Sagaing,Monywa,MMR005012
0,,,,,,,,,,,,,,,,,,,,,,,,,,,,,,,,,,,,,,,,,n/a,,Google Earth visible. DoI/MoAI Data.,,WS,MYN,96.135034,16.838848,Complete,Inya,1883,DAM0116,POINT (96.135034 16.838848),Yangon,Kamaryut,MMR013041
0,,,,,,,,,,,,,,,,,,,,,,,869.0,,,,,,2.02,,,,,,,,,,,,n/a,7.53,Google Earth visible. DoI/MoAI Data.,In Yone,IRR,MYN,95.308665,19.043285,Complete,Kanggyigone,2000,DAM0117,POINT (95.308665 19.043285),Bago (West),Pyay,MMR008001
0,,,,,,,,,,,,,,,,,,,,,,,335.0,,,,,,27.0,,,,,,,,,,,,n/a,165.36,Google Earth visible. DoI/MoAI Data.,Kantin-BeeLin,IRR,MYN,95.887794,17.9571,Complete,Kantin-BeeLin,2002,DAM0118,POINT (95.887794 17.9571),Bago (West),Letpadan,MMR008008
0,,,,,,,,,,,,,,,,,,,,,,,1142.944224,,,,,,7.93,,,,,,,,,,,,n/a,183.619,Google Earth visible. DoI/MoAI Data.,Kanyin,IRR,MYN,95.072583,17.991848,Complete,Kanyin,2012,DAM0119,POINT (95.07258299999999 17.991848),Ayeyarwady,Ingapu,MMR017013
0,,,,,,,,,,,,,,,,,,,,,,,329.1679366,,,,,,0.58,,,,,,,,,,,,n/a,6.212,Google Earth visible. DoI/MoAI Data.,Kaukkwe,IRR,MYN,97.798928,22.933678,Complete,Kaukkwe,2006,DAM0120,POINT (97.798928 22.933678),Shan (North),Lashio,MMR015001
0,,,,,,,,,,,,,,,,,,,,,,,594.3309966,,,,,,7.89,,,,,,,,,,,,n/a,15.477,Google Earth visible. DoI/MoAI Data.,Khawar,IRR,MYN,95.011249,18.450999,Complete,Khawar,2004,DAM0122,POINT (95.01124900000001 18.450999),Bago (West),Padaung,MMR008003
0,,,,,,,,,,,,,,,,,,,,,,,487.6562024,,,,,,1.86,,,,,,,,,,,,n/a,12.982,Google Earth visible. DoI/MoAI Data.,Kinmundaung,IRR,MYN,95.693168,19.908676,Complete,Kinmundaung,1990,DAM0123,POINT (95.693168 19.908676),Magway,Taungdwingyi,MMR009004
0,,,,,,,,,,,,,,,,,,,,,,,1913.745809,,,,,,21.85,,,,,,,,,,,,n/a,47.237,Google Earth visible. DoI/MoAI Data.,Mu,IRR,MYN,95.708602,22.666332,Complete,Kintat,1997,DAM0124,POINT (95.708602 22.666332),Sagaing,Khin-U,MMR005005
0,,,,,,,,,,,,,,,,,,,,,,,969.0,,,,,,1.36,,,,,,,,,,,,n/a,6.46,Google Earth visible. DoI/MoAI Data.,Kyauktalone,IRR,MYN,95.458244,21.107401,Complete,Kyauktalone (1),1993,DAM0126,POINT (95.45824399999999 21.107401),Mandalay,Taungtha,MMR010018
0,,,,,,,,,,,,,,,,,,,,,,,423.0,,,,,,2.01,,,,,,,,,,,,n/a,12.8,Google Earth visible. DoI/MoAI Data.,Kyauktalone,IRR,MYN,95.469553,21.076999,Complete,Kyauktalone (2) - Modulating Dam,2001,DAM0127,POINT (95.469553 21.076999),Mandalay,Taungtha,MMR010018
0,,,,,,,,,,,,,,,,,,,,,,,,,,,,,,,,,,,,,,,,,n/a,,Google Earth visible. DoI/MoAI Data.,,IRR,MYN,96.169943,20.425297,Complete,Kyee Ni,,DAM0128,POINT (96.169943 20.425297),Mandalay,Yamethin,MMR010023
0,,,,,,,,,,,,,,,,,,,,,,,2347.0,,,,,,8.5,,,,,,,,,,,,n/a,54.27,Google Earth visible. DoI/MoAI Data.,Indaw Pauk,IRR,MYN,95.664076,23.08728,Complete,Kyeebin-et,2001,DAM0129,POINT (95.66407599999999 23.08728),Sagaing,Kanbalu,MMR005007
0,,,,,,,,,,,,,,,,,,,,,,,,,,,,,,,,,,,,,,,,,74,,Google Earth visible.,Mone,HP,MYN,94.417348,20.331771,Complete,Kyeeon Kyeewa,2012,DAM0130,POINT (94.417348 20.331771),Magway,Sidoktaya,MMR009011
0,,,,,,,,,,,,,,,,,,,,,,,579.0,,,,,,0.67,,,,,,,,,,,,n/a,2.58,Google Earth visible. DoI/MoAI Data.,,IRR,MYN,95.65751,21.054113,Complete,Kyin-tha,2003,DAM0131,POINT (95.65751 21.054113),Mandalay,Mahlaing,MMR010029
0,,,,,,,,,,,,,,,,,,,,,,,,,,,,,245.5,,,,,,,,,,,,1900,,Location derived from https://en.wikipedia.org/wiki/Dams_in_Myanmar#Hydroelectric,Malikha,HP,MYN,97.746971,26.1973,Planned,Laiza,2021,DAM0132,POINT (97.746971 26.1973),Kachin,Injangyang,MMR001003
0,,,,,,,,,,,,,,,,,,,,,,,,,,,,,4.98,,,,,,,,,,,,1800,,Location derived from https://en.wikipedia.org/wiki/Dams_in_Myanmar#Hydroelectric,May Hka,HP,MYN,98.406111,26.595833,Planned,Lakin,2026,DAM0133,POINT (98.406111 26.595833),Kachin,Tsawlaw,MMR001006
0,,,,,,,,,,,,,,,,,,,,,,,610.0,,,,,,1.27,,,,,,,,,,,,n/a,5.86,Google Earth visible. DoI/MoAI Data.,Paung Kwe,IRR,MYN,95.15673,20.445332,Complete,Ledaingzin,2001,DAM0135,POINT (95.15673 20.445332),Magway,Yenangyaung,MMR009002
0,,,,,,,,,,,,,,,,,,,,,,,1219.140506,,,,,,1.15,,,,,,,,,,,,n/a,5.959,Google Earth visible. DoI/MoAI Data.,Htan Pin Su,IRR,MYN,95.400088,22.053801,Complete,Letpan,2003,DAM0136,POINT (95.400088 22.053801),Sagaing,Myinmu,MMR005002
0,,,,,,,,,,,,,,,,,,,,,,,2987.0,,,,,,1.17,,,,,,,,,,,,n/a,12.56,Google Earth visible. DoI/MoAI Data.,,IRR,MYN,95.525593,23.14541,Complete,Linban,2009,DAM0137,POINT (95.525593 23.14541),Sagaing,Kanbalu,MMR005007
0,,,,,,,,,,,,,,,,,,,,,,,3596.464493,,,,,,5.38,,,,,,,,,,,,n/a,86.38,Google Earth visible. DoI/MoAI Data.,Ma Mya,IRR,MYN,95.081046,18.106536,Complete,Ma Mya,2007,DAM0138,POINT (95.081046 18.106536),Ayeyarwady,Myanaung,MMR017011
0,,,,,,,,,,,,,,,,,,,,,,,585.1874429,,,,,,3.89,,,,,,,,,,,,n/a,66.636,Google Earth visible. DoI/MoAI Data.,Maday,IRR,MYN,94.868121,19.033781,Complete,Maday,2007,DAM0139,POINT (94.868121 19.033781),Magway,Kamma,MMR009015
0,,,,,,,,,,,,,,,,,,,,,,,3612.0,,,,,,9.03,,,,,,,,,,,,n/a,70.69,Google Earth visible. DoI/MoAI Data.,Male-Nattaung,IRR,MYN,96.096806,22.593002,Complete,Male-Nattaung,2007,DAM0140,POINT (96.096806 22.593002),Mandalay,Singu,MMR010010
0,,,,,,,,,,,,,,,,,,,,,,,,,,,,,6.2,,,,,,,,,,,,n/a,148.018,Google Earth visible. DoI/MoAI Data.,Mann Creek,IRR,MYN,94.423262,20.096772,Complete,Manchaung (Mann),,DAM0141,POINT (94.42326199999999 20.096772),Magway,Ngape,MMR009009
0,,,,,,,,,,,,,,,,,,,,,,,,,,,,,,,,,,,,,,,,,n/a,,Google Earth visible. DoI/MoAI Data.,,IRR,MYN,95.865057,20.875818,Complete,Meikhtila,,DAM0143,POINT (95.86505699999999 20.875818),Mandalay,Meiktila,MMR010028
0,,,,,,,,,,,,,,,,,,,,,,,,,,,,,,,,,,,,,,,,,1.5,,Google Earth visible.,Měng nǎi hé,HP,MYN,97.768566,24.835331,Complete,Mēntóu xī,,DAM0144,POINT (97.76856600000001 24.835331),Kachin,Waingmaw,MMR001002
0,,,,,,,,,,,,,,,,,,,,,,,,,,,,,,,,,,,,,,,,,700,,"Location an estimate based on map in ""The Project for Formulation of the National Electricity Master Plan in the Republic of the Union of Myanmar"",",Myitnge,HP,MYN,96.930558,21.938771,Planned,Middle Yeywa,,DAM0145,POINT (96.930558 21.938771),Shan (North),Nawnghkio,MMR015013
0,,,,,,,,,,,,,,,,,,,,,,,928.0,,,,,,5.09,,,,,,,,,,,,n/a,53.86,Google Earth visible. DoI/MoAI Data.,Min Hla,IRR,MYN,95.909904,18.117447,Complete,Min Hla,2003,DAM0146,POINT (95.909904 18.117447),Bago (West),Okpho,MMR008010
0,,,,,,,,,,,,,,,,,,,,,,,,,,,,,,,,,,,,,,,,,75,,Google Earth visible. DoI/MoAI Data.,Mone,HP,MYN,94.259852,20.478481,Complete,Mone,2004,DAM0147,POINT (94.259852 20.478481),Magway,Sidoktaya,MMR009011
0,,,,,,,,,,,,,,,,,,,,,,,518.134715,,,,,,4.48,,,,,,,,,,,,n/a,31.961,Google Earth visible. DoI/MoAI Data.,Nam Swam,IRR,MYN,97.577462,23.145283,Complete,Mone Yin,2008,DAM0148,POINT (97.577462 23.145283),Shan (North),Namtu,MMR015015
0,,,,,,,,,,,,,,,,,,,,,,,783.2977751,,,,,,2.0,,,,,,,,,,,,,4.936,Google Earth visible. DoI/MoAI Data.,Myaing Chaung,IRR,MYN,94.816231,21.615887,Complete,Myaing Chaung,1992,DAM0149,POINT (94.816231 21.615887),Magway,Myaing,MMR009020
0,,,,,,,,,,,,,,,,,,,,,,,20.0,,,,,,6.95,,,,,,,,,,,,2000,1128,Google Earth visible. DoI/MoAI Data.,Ku Htaw,IRR,MYN,95.719008,21.672793,Complete,Myotha,,DAM0152,POINT (95.719008 21.672793),Mandalay,Ngazun,MMR010021
0,,,,,,,,,,,,,,,,,,,,,,,792.0,,,,,,1.58,,,,,,,,,,,,n/a,9.21,Google Earth visible. DoI/MoAI Data.,Myothit,IRR,MYN,95.214678,22.41452,Complete,Myothit,2004,DAM0153,POINT (95.21467800000001 22.41452),Sagaing,Budalin,MMR005013
0,,,,,,,,,,,,,,,,,,,,,,,929.5946358,,,,,,1.12,,,,,,,,,,,,n/a,7.762,Google Earth visible. DoI/MoAI Data.,Nagar,IRR,MYN,95.16702,20.395229,Complete,Nagar,,DAM0154,POINT (95.16701999999999 20.395229),Magway,Yenangyaung,MMR009002
0,,,,,,,,,,,,,,,,,,,,,,,,,,,,,,,,,Hong Pang Co.,,,,,,,,100,,"Location an estimate based on MoEP map; however, not mentioned on MoEP list, or in ""The Project for Formulation of the National Electricity Master Plan in the Republic of the Union of Myanmar""",,HP,MYN,97.307334,22.857605,Planned,Namtu,,DAM0158,POINT (97.307334 22.857605),Shan (North),Namhsan,MMR015016
0,,,,,,,,,,,,,,,,,,,,,,,487.6562024,,,,,,2.49,,,,,,,,,,,,n/a,49.36,Google Earth visible. DoI/MoAI Data.,Nankathu,IRR,MYN,95.036264,17.850106,Complete,Nankathu,2000,DAM0159,POINT (95.036264 17.850106),Ayeyarwady,Ingapu,MMR017013
0,,,,,,,,,,,,,,,,,,,,,,,1871.0,,,,,,1.7,,,,,,,,,,,,n/a,6.15,Google Earth visible. DoI/MoAI Data.,Nat Thar Taw,IRR,MYN,95.722506,21.800573,Complete,Nat Thar Taw,2003,DAM0160,POINT (95.722506 21.800573),Mandalay,Ngazun,MMR010021
0,,,,,,,,,,,,,,,,,,,,,,,1044.0,,,,,,2.69,,,,,,,,,,,,n/a,13.94,Google Earth visible. DoI/MoAI Data.,,IRR,MYN,95.884964,20.684856,Complete,Natkar,2013,DAM0161,POINT (95.884964 20.684856),Mandalay,Pyawbwe,MMR010024
0,,,,,,,,,,,,,,,,,,,,,,,,,,,,,16.9,,,,,,,,,,,,n/a,124.582,Google Earth visible. DoI/MoAI Data.,,IRR,MYN,95.48095,20.409266,Complete,Natmouk,,DAM0162,POINT (95.48095000000001 20.409266),Magway,Natmauk,MMR009006
0,,,,,,,,,,,,,,,,,,,,,,,,,,,,,44.5,,,,,,,,,,,,n/a,222,Google Earth visible. DoI/MoAI Data.,,WS,MYN,96.160508,17.355585,Complete,Nga Moe Yeik,1995,DAM0163,POINT (96.16050799999999 17.355585),Yangon,Hlegu,MMR013004
0,,,,,,,,,,,,,,,,,,,,,,,2301.127705,,,,,,1.4,,,,,,,,,,,,n/a,8.61,Google Earth visible. DoI/MoAI Data.,Chaung Ma Gyi,IRR,MYN,95.107695,21.168644,Complete,Ngathayauk,2006,DAM0164,POINT (95.10769500000001 21.168644),Mandalay,Nyaung-U,MMR010022
0,,,,,,,,,,,,,,,,,,,,,,,1609.265468,,,,,,4.05,,,,,,,,,,,,n/a,18.811,Google Earth visible. DoI/MoAI Data.,,IRR,MYN,95.041531,21.902657,Complete,Ngwe Thar,2004,DAM0165,POINT (95.04153100000001 21.902657),Sagaing,Salingyi,MMR005018
0,,,,,,,,,,,,,,,,,,,,,,,1052.0,,,,,,2.18,,,,,,,,,,,,n/a,12.3,Google Earth visible. DoI/MoAI Data.,Pinle,IRR,MYN,95.5687,21.659382,Complete,North Pinle,1996,DAM0166,POINT (95.56870000000001 21.659382),Mandalay,Myingyan,MMR010017
0,,,,,,,,,,,,,,,,,,,,,,,3169.765315,,,,,,2.43,,,,,,,,,,,,n/a,17.339,Google Earth visible. DoI/MoAI Data.,,IRR,MYN,94.67744,22.053354,Complete,North Yamar (1),1998,DAM0167,POINT (94.67744 22.053354),Sagaing,Pale,MMR005019
0,,,,,,,,,,,,,,,,,,,,,,,1158.183481,,,,,,0.75,,,,,,,,,,,,n/a,3.701,Google Earth visible. DoI/MoAI Data.,,IRR,MYN,95.303983,22.008236,Complete,Nwegway,1993,DAM0168,POINT (95.303983 22.008236),Sagaing,Chaung-U,MMR005015
0,,,,,,,,,,,,,,,,,,,,,,,1128.0,,,,,,,,,,,,,,,,,,n/a,21.6,Google Earth visible. DoI/MoAI Data.,Nyaung-gaing,IRR,MYN,95.14163,18.797819,Complete,Nyaung-gaing,1999,DAM0169,POINT (95.14163000000001 18.797819),Bago (West),Padaung,MMR008003
0,,,,,,,,,,,,,,,,,,,,,,,1950.62481,,,,,,1.67,,,,,,,,,,,,n/a,4.035,Google Earth visible. DoI/MoAI Data.,,IRR,MYN,95.819567,20.789507,Complete,Nyaunggone,2005,DAM0170,POINT (95.81956700000001 20.789507),Mandalay,Meiktila,MMR010028
0,,,,,,,,,,,,,,,,,,,,,,,731.0,,,,,,5.42,,,,,,,,,,,,n/a,40.6,Google Earth visible. DoI/MoAI Data.,Pade,IRR,MYN,95.610306,19.212315,Complete,Pade,2005,DAM0171,POINT (95.61030599999999 19.212315),Magway,Aunglan,MMR009016
0,,,,,,,,,,,,,,,,,,,,,,,1298.0,,,,,,2.71,,,,,,,,,,,,n/a,15.06,Google Earth visible. DoI/MoAI Data.,Palin,IRR,MYN,95.525824,20.291535,Complete,Palin,2001,DAM0172,POINT (95.525824 20.291535),Magway,Myothit,MMR009005
0,,,,,,,,,,,,,,,,,,,,,,,,,,,,,,,,,,,,,,,,,1600,,Not mentioned on MoEP list of planned dams. Location derived from https://en.wikipedia.org/wiki/Dams_in_Myanmar#Hydroelectric,N'Mai,HP,MYN,98.289919,26.476081,Planned,Pashe,2021,DAM0173,POINT (98.289919 26.476081),Kachin,Tsawlaw,MMR001006
0,,,,,,,,,,,,,,,,,,,,,,,868.6376105,,,,,,1.85,,,,,,,,,,,,n/a,9.717,Google Earth visible. DoI/MoAI Data.,Paunggadaw,IRR,MYN,95.589723,21.81169,Complete,Paunggadaw,2002,DAM0174,POINT (95.58972300000001 21.81169),Mandalay,Ngazun,MMR010021
0,,,,,,,,,,,,,,,,,,,,,,,681.0,,,,,,18.21,,,,,,,,,,,,n/a,147.03,Google Earth visible. DoI/MoAI Data.,Paunglinn,IRR,MYN,96.095995,17.509063,Complete,Paunglinn,2004,DAM0175,POINT (96.095995 17.509063),Yangon,Hlegu,MMR013004
0,,,,,,,,,,,,,,,,,,,,,,,591.0,,,,,,3.93,,,,,,,,,,,,n/a,9.7,Google Earth visible. DoI/MoAI Data.,Pegyi,IRR,MYN,95.637255,23.013559,Complete,Pegyi,2006,DAM0176,POINT (95.637255 23.013559),Sagaing,Kanbalu,MMR005007
0,,,,,,,,,,,,,,,,,,,,,,,1331.911003,,,,,,1.77,,,,,,,,,,,,n/a,9.165,Google Earth visible. DoI/MoAI Data.,,IRR,MYN,95.070568,22.021024,Complete,Phaunggada,2005,DAM0177,POINT (95.07056799999999 22.021024),Sagaing,Salingyi,MMR005018
0,,,,,,,,,,,,,,,,,,,,,,,,,,,,,6.9,,,,,,,,,,,,2000,,Location estimated from http://www.themimu.info/sites/themimu.info/files/documents/Sector%20Map_EcoInfra_Population2011-HydropowerLocation_MIMU955v01_22Jan13_A4.pdf,May Hka,HP,MYN,98.385556,26.827594,Planned,Phizaw,2026,DAM0178,POINT (98.38555599999999 26.827594),Kachin,Khaunglanhpu,MMR001018
0,,,,,,,,,,,,,,,,,,,,,,,,,,,,,7.2,,,,,,,,,,,,n/a,222,Google Earth visible. DoI/MoAI Data.,,WS,MYN,96.042454,17.245914,Complete,Phugyi,,DAM0179,POINT (96.04245400000001 17.245914),Yangon,Taikkyi,MMR013005
0,,,,,,,,,,,,,,,,,,,,,,,671.0,,,,,,3.24,,,,,,,,,,,,n/a,23.25,Google Earth visible. DoI/MoAI Data.,Pinn Chaung,IRR,MYN,95.300929,20.712043,Complete,Pinn Chaung,1998,DAM0180,POINT (95.300929 20.712043),Mandalay,Kyaukpadaung,MMR010020
0,,,,,,,,,,,,,,,,,,,,,,,,,,,,,,,,,,,,,,,,,n/a,,Google Earth visible. DoI/MoAI Data.,,IRR,MYN,95.247579,20.808545,Complete,Popa,,DAM0181,POINT (95.247579 20.808545),Mandalay,Kyaukpadaung,MMR010020
0,,,,,,,,,,,,,,,,,,,,,,,4266.991771,,,,,,6.24,,,,,,,,,,,,n/a,9.733,Google Earth visible. DoI/MoAI Data.,Samon,IRR,MYN,96.136176,20.938996,Complete,Samon,1993,DAM0182,POINT (96.13617600000001 20.938996),Mandalay,Thazi,MMR010030
0,,,,,,,,,,,,,,,,,,,,,,,1097.226455,,,,,,1.85,,,,,,,,,,,,n/a,5.699,Google Earth visible. DoI/MoAI Data.,Sarlingyi,IRR,MYN,95.066611,21.981113,Complete,Sarlingyi,2004,DAM0183,POINT (95.06661099999999 21.981113),Sagaing,Salingyi,MMR005018
0,,,,,,,,,,,,,,,,,,,,,,,,,,,,,28.7,,,,,,,,,,,,25,446.49,Google Earth visible. DoI/MoAI Data.,Chaung Ma Gyi,MP,MYN,96.323053,22.348589,Complete,Sedawgyi,1989,DAM0184,POINT (96.323053 22.348589),Mandalay,Madaya,MMR010009
0,,,,,,,,,,,,,,,,,,,,,,,2073.0,,,,,,4.59,,,,,,,,,,,,n/a,26.61,Google Earth visible. DoI/MoAI Data.,,IRR,MYN,95.597897,20.839191,Complete,Shanma-Nge,2009,DAM0185,POINT (95.597897 20.839191),Mandalay,Meiktila,MMR010028
0,,,,,,,,,,,,,,,,,,,,,,,238.0,,,,,,1.91,,,,,,,,,,,,n/a,6.61,Google Earth visible. DoI/MoAI Data.,Kalar Chaung,IRR,MYN,95.252426,18.710748,Complete,Shwedaung,1992,DAM0186,POINT (95.252426 18.710748),Bago (West),Shwedaung,MMR008006
0,,,,,,,,,,,,,,,,,,,,,,,,,,,,,,,,,,,,,,,,,,,Location estimated from http://www.themimu.info/sites/themimu.info/files/documents/Sector%20Map_EcoInfra_Population2011-HydropowerLocation_MIMU955v01_22Jan13_A4.pdf,Chindwin,HP,MYN,94.9989,22.33525,Cancelled,Shwezaye,n/a,DAM0189,POINT (94.99890000000001 22.33525),Sagaing,Budalin,MMR005013
0,,,,,,,,,,,,,,,,,,,,,,,472.7217312,,,,,,0.65,,,,,,,,,,,,n/a,3.961,Google Earth visible. DoI/MoAI Data.,Sin Chaung,IRR,MYN,95.16705,21.496183,Complete,Sin Chaung,1994,DAM0190,POINT (95.16705 21.496183),Magway,Yesagyo,MMR009019
0,,,,,,,,,,,,,,,,,,,,,,,1250.0,,,,,,2.08,,,,,,,,,,,,n/a,14.76,Google Earth visible. DoI/MoAI Data.,Sindewa,IRR,MYN,95.305956,21.118182,Complete,Sindewa,1996,DAM0191,POINT (95.30595599999999 21.118182),Mandalay,Taungtha,MMR010018
0,,,,,,,,,,,,,,,,,,,,,,,202.6821091,,,,,,0.86,,,,,,,,,,,,n/a,8.421,Google Earth visible. DoI/MoAI Data.,Sinlan,IRR,MYN,96.436115,22.074457,Complete,Sinlan,2002,DAM0192,POINT (96.436115 22.074457),Mandalay,Pyinoolwin,MMR010008
0,,,,,,,,,,,,,,,,,,,,,,,185.9189272,,,,,,1.46,,,,,,,,,,,,,14.69,Google Earth visible. DoI/MoAI Data.,Khayan,IRR,MYN,94.028495,22.598882,Complete,South Khayan,1993,DAM0193,POINT (94.02849500000001 22.598882),Magway,Gangaw,MMR009023
0,,,,,,,,,,,,,,,,,,,,,,,945.0,,,,,,8.44,,,,,,,,,,,,n/a,25.91,Google Earth visible. DoI/MoAI Data.,South Nawin,IRR,MYN,95.492622,18.959728,Complete,South Nawin (2),1994,DAM0194,POINT (95.492622 18.959728),Bago (West),Paukkhaung,MMR008002
0,,,,,,,,,,,,,,,,,,,,,,,960.0,,,,,,1.77,,,,,,,,,,,,n/a,10.46,Google Earth visible. DoI/MoAI Data.,Pinle,IRR,MYN,95.549981,21.641813,Complete,South Pinle,1994,DAM0195,POINT (95.549981 21.641813),Mandalay,Myingyan,MMR010017
0,,,,,,,,,,,,,,,,,,,,,,,1795.184395,,,,,,3.04,,,,,,,,,,,,n/a,21.027,Google Earth visible. DoI/MoAI Data.,Yamar Taung,IRR,MYN,94.736177,21.821946,Complete,South Yamar,2000,DAM0196,POINT (94.736177 21.821946),Magway,Myaing,MMR009020
0,,,,,,,,,,,,,,,,,,,,,,,,,,,,,,,,,,,,,,,,,n/a,38.515,Google Earth visible. DoI/MoAI Data.,Sun Creek,IRR,MYN,95.584486,20.169512,Complete,Sunchaung,,DAM0197,POINT (95.584486 20.169512),Magway,Myothit,MMR009005
0,,,,,,,,,,,,,,,,,,,,,,,945.0,,,,,,1.28,,,,,,,,,,,,n/a,5.66,Google Earth visible. DoI/MoAI Data.,Sunlun,IRR,MYN,95.416244,21.417041,Complete,Sunlun,1994,DAM0198,POINT (95.41624400000001 21.417041),Mandalay,Myingyan,MMR010017
0,,,,,,,,,,,,,,,,,,,,,,,,,,,,,37.6,,,,,,,,,,,,n/a,354.009,Google Earth visible. DoI/MoAI Data.,Taungnawin Creek,IRR,MYN,95.578598,18.922544,Complete,Taungnawin,,DAM0201,POINT (95.578598 18.922544),Bago (West),Paukkhaung,MMR008002
0,,,,,,,,,,,,,,,,,,,,,,,1036.0,,,,,,34.8,,,,,,,,,,,,n/a,258.99,Google Earth visible. DoI/MoAI Data.,Taungnyo,IRR,MYN,95.969404,20.452426,Complete,Taungnyo,1996,DAM0202,POINT (95.969404 20.452426),Mandalay,Yamethin,MMR010023
0,,,,,,,,,,,,,,,,,,,,,,,731.0,,,,,,1.24,,,,,,,,,,,,n/a,6.15,Google Earth visible. DoI/MoAI Data.,Taungtha,IRR,MYN,95.476952,21.268241,Complete,Taungtha,1997,DAM0203,POINT (95.476952 21.268241),Mandalay,Taungtha,MMR010018
0,,,,,,,,,,,,,,,,,,,,,,,749.7714112,,,,,,2.07,,,,,,,,,,,,n/a,7.429,Google Earth visible. DoI/MoAI Data.,Thaphan Chaung,IRR,MYN,95.864282,20.515519,Complete,Thaphan Chaung,1990,DAM0204,POINT (95.864282 20.515519),Mandalay,Pyawbwe,MMR010024
0,,,,,,,,,,,,,,,,,,,,,,,6884.181652,,,,,,470.25,,,,,,,,,,,,30,3552.48,Google Earth visible. DoI/MoAI Data.,Mu,MP,MYN,95.354794,23.306586,Complete,Thapanzeik,2002,DAM0205,POINT (95.354794 23.306586),Sagaing,Kyunhla,MMR005008
0,,,,,,,,,,,,,,,,,,,,,,,990.5516611,,,,,,1.34,,,,,,,,,,,,n/a,8.141,Google Earth visible. DoI/MoAI Data.,Thazi,IRR,MYN,95.262088,22.240321,Complete,Thazi,1995,DAM0206,POINT (95.26208800000001 22.240321),Sagaing,Monywa,MMR005012
0,,,,,,,,,,,,,,,,,,,,,,,1600.0,,,,,,10.93,,,,,,,,,,,,n/a,64.79,Google Earth visible. DoI/MoAI Data.,The-gaw,IRR,MYN,95.866928,17.816109,Complete,The-gaw,2000,DAM0207,POINT (95.866928 17.816109),Bago (West),Letpadan,MMR008008
0,,,,,,,,,,,,,,,,,,,,,,,1359.341664,,,,,,2.79,,,,,,,,,,,,n/a,18.696,Google Earth visible. DoI/MoAI Data.,Thettaw,IRR,MYN,96.210114,20.711113,Complete,Thettaw,1995,DAM0208,POINT (96.210114 20.711113),Mandalay,Thazi,MMR010030
0,,,,,,,,,,,,,,,,,,,,,,,1681.0,,,,,,4.42,,,,,,,,,,,,n/a,25.83,Google Earth visible. DoI/MoAI Data.,Thinbon,IRR,MYN,95.712494,20.971218,Complete,Thinbon,2003,DAM0209,POINT (95.71249400000001 20.971218),Mandalay,Mahlaing,MMR010029
0,,,,,,,,,,,,,,,,,,,,,,,945.0,,,,,,0.51,,,,,,,,,,,,n/a,2.11,Google Earth visible. DoI/MoAI Data.,,IRR,MYN,94.932945,21.51692,Complete,Thirinandar,2004,DAM0210,POINT (94.932945 21.51692),Magway,Myaing,MMR009020
0,,,,,,,,,,,,,,,,,,,,,,,402.316367,,,,,,28.73,,,,,,,,,,,,n/a,293.1,Google Earth visible. DoI/MoAI Data.,Thonze,IRR,MYN,95.951677,17.739216,Complete,Thonze,2002,DAM0211,POINT (95.951677 17.739216),Bago (West),Thayarwady,MMR008007
0,,,,,,,,,,,,,,,,,,,,,,,,,,,,,,,,,,,,,,,,,130,,Location an estimate based on MoEP map.,Tum Baing Hka,HP,MYN,97.963157,25.48725,Planned,Tum Baing,,DAM0213,POINT (97.963157 25.48725),Kachin,Waingmaw,MMR001002
0,,,,,,,,,,,,,,,,,,,,,,,,,,,,,,,,,,,,,,,,,150,,Location estimated from http://www.themimu.info/sites/themimu.info/files/documents/Sector%20Map_EcoInfra_Population2011-HydropowerLocation_MIMU955v01_22Jan13_A4.pdf,,HP,MYN,94.037043,20.803853,Planned,Upper Bu,2021,DAM0214,POINT (94.037043 20.803853),Chin,Kanpetlet,MMR004008
0,,,,,,,,,,,,,,,,,,,,,,,243.0,,,,,,,,,,Yunnan Machinery & Equipment Import & Export Co.,,,,,,,,280,,Location estimated from http://www.themimu.info/sites/themimu.info/files/documents/Sector%20Map_EcoInfra_Population2011-HydropowerLocation_MIMU955v01_22Jan13_A4.pdf,Myitnge,HP,MYN,97.162877,22.240208,UC,Upper Yeywa,2018,DAM0215,POINT (97.16287699999999 22.240208),Shan (South),Lawksawk,MMR014008
0,,,,,,,,,,,,,,,,,,,,,,,1271.0,,,,,,50.59,,,,,,,,,,,,n/a,310.97,Google Earth visible. DoI/MoAI Data.,Wegyi,IRR,MYN,95.609994,18.622783,Complete,Wegyi,2000,DAM0216,POINT (95.609994 18.622783),Bago (West),Paungde,MMR008004
0,,,,,,,,,,,,,,,,,,,,,,,1692.0,,,,,,4.14,,,,,,,,,,,,n/a,24.81,Google Earth visible. DoI/MoAI Data.,Welaung,IRR,MYN,95.396977,21.092847,Complete,Welaung,1998,DAM0217,POINT (95.39697700000001 21.092847),Mandalay,Taungtha,MMR010018
0,,,,,,,,,,,,,,,,,,,,,,,5059.0,,,,,,6.42,,,,,,,,,,,,n/a,43.36,Google Earth visible. DoI/MoAI Data.,Yanpe,IRR,MYN,95.517982,19.790566,Complete,Yanpe,2003,DAM0218,POINT (95.517982 19.790566),Magway,Taungdwingyi,MMR009004
0,,,,,,,,,,,,,,,,,,,,,,,,,,,,,,,,,,,,,,,,,4,,Google Earth visible. DoI/MoAI Data.,Nay Yin Za Yar,MP,MYN,94.09707,23.53123,Complete,Yazagyo,2015,DAM0219,POINT (94.09707 23.53123),Sagaing,Kale,MMR005027
0,,,,,,,,,,,,,,,,,,,,,,,,,,,,,9.2,,,,,,,,,,,,1200,,Location estimated from http://www.themimu.info/sites/themimu.info/files/documents/Sector%20Map_EcoInfra_Population2011-HydropowerLocation_MIMU955v01_22Jan13_A4.pdf,May Hka,HP,MYN,97.879027,27.727616,Planned,Yenam,2026,DAM0220,POINT (97.87902699999999 27.727616),Kachin,Nawngmun,MMR001017
0,,,,,,,,,,,,,,,,,,,,,,,152.0,,,,,,0.54,,,,,,,,,,,,n/a,3.21,Google Earth visible. DoI/MoAI Data.,,IRR,MYN,94.572117,19.962479,Complete,Yinshe,2002,DAM0221,POINT (94.57211700000001 19.962479),Magway,Ngape,MMR009009
0,,,,,,,,,,,,,,,,,,,,,,,777.0,,,,,,43.5,,,,,,,,,,,,30,639,"http://globalenergyobservatory.org/geoid/41489; note that the Zawgyi dam and associated reservoir provides water to two hydroelectric plants: Zawgyi 1(18 MW) and Zawgyi 2 (12 MW). Hence, total megawattage associated with the dam is 30 MW.",Zawgyi,HP,MYN,96.873564,21.565078,Complete,Zawgyi,1995,DAM0222,POINT (96.873564 21.565078),Shan (South),Lawksawk,MMR014008
0,,,,,,,,,,,,,,,,,,,,,,,1448.0,,,,,,8.38,,,,,,,,,,,,n/a,35.55,Google Earth visible.,Nyaung Oat,IRR,MYN,95.782275,21.28973,Complete,Zeedaw,2000,DAM0223,POINT (95.782275 21.28973),Mandalay,Mahlaing,MMR010029
0,,,,,,,,,,,,,,,,,,,,,,,,,,,,,,,,,,,,,,,,,n/a,,Google Earth visible.,,IRR,MYN,95.720291,20.811847,Complete,Unknown 14,,DAM0224,POINT (95.720291 20.811847),Mandalay,Meiktila,MMR010028
0,,,,,,,,,,,,,,,,,,,,,,,,,,,,,,,,,,,,,,,,,n/a,,Google Earth visible.,,IRR,MYN,95.798634,21.37304,Complete,Unknown 15,,DAM0225,POINT (95.79863400000001 21.37304),Mandalay,Natogyi,MMR010019
0,,,,,,,,,,,,,,,,,,,,,,,,,,,,,,,,,,,,,,,,,n/a,,Google Earth visible.,,IRR,MYN,95.810878,21.340483,Complete,Unknown 16,,DAM0226,POINT (95.810878 21.340483),Mandalay,Natogyi,MMR010019
0,,,,,,,,,,,,,,,,,,,,,,,,,,,,,,,,,,,,,,,,,n/a,,Google Earth visible.,,IRR,MYN,95.660486,23.361809,Complete,Unknown 21,,DAM0227,POINT (95.66048600000001 23.361809),Sagaing,Kanbalu,MMR005007
0,,,,,,,,,,,,,,,,,,,,,,,670.5272783,,,,,,3.24,,,,,,,,,,,,n/a,23.247,Google Earth visible.,,IRR,MYN,95.577322,23.132152,Complete,Unknown 22,1998,DAM0228,POINT (95.577322 23.132152),Sagaing,Kanbalu,MMR005007
0,,,,,,,,,,,,,,,,,,,,,,,,,,,,,,,,,,,,,,,,,n/a,,Google Earth visible.,,IRR,MYN,95.601787,20.114814,Complete,Unknown 29,,DAM0229,POINT (95.601787 20.114814),Magway,Myothit,MMR009005
0,,,,,,,,,,,,,,,,,,,,,,,,,,,,,,,,,,,,,,,,,n/a,,Google Earth visible.,,IRR,MYN,95.342022,20.775632,Complete,Unknown 31,,DAM0230,POINT (95.342022 20.775632),Mandalay,Kyaukpadaung,MMR010020
0,,,,,,,,,,,,,,,,,,,,,,,,,,,,,,,,,,,,,,,,,n/a,,Google Earth visible.,,IRR,MYN,95.44187,19.06693,Complete,Unknown 33,,DAM0231,POINT (95.44186999999999 19.06693),Bago (West),Paukkhaung,MMR008002
0,,,,,,,,,,,,,,,,,,,,,,,,,,,,,,,,,,,,,,,,,n/a,,Google Earth visible.,,IRR,MYN,95.467041,20.704069,Complete,Unknown 34,,DAM0232,POINT (95.46704099999999 20.704069),Magway,Natmauk,MMR009006
0,,,,,,,,,,,,,,,,,,,,,,,,,,,,,,,,,,,,,,,,,n/a,,Google Earth visible.,,IRR,MYN,96.075001,20.468555,Complete,Unknown 37,,DAM0233,POINT (96.075001 20.468555),Mandalay,Yamethin,MMR010023
0,,,,,,,,,,,,,,,,,,,,,,,,,,,,,,,,,,,,,,,,,n/a,,Google Earth visible.,,IRR,MYN,95.718861,18.533566,Complete,Unknown 38,,DAM0234,POINT (95.718861 18.533566),Bago (West),Nattalin,MMR008012
0,,,,,,,,,,,,,,,,,,,,,,,,,,,,,,,,,,,,,,,,,n/a,,Google Earth visible.,,IRR,MYN,95.89696,20.597321,Complete,Unknown 41,,DAM0235,POINT (95.89696000000001 20.597321),Mandalay,Pyawbwe,MMR010024
0,,,,,,,,,,,,,,,,,,,,,,,,,,,,,,,,,,,,,,,,,n/a,,Google Earth visible.,,IRR,MYN,95.826486,20.726713,Complete,Unknown 42,,DAM0236,POINT (95.826486 20.726713),Mandalay,Meiktila,MMR010028
0,,,,,,,,,,,,,,,,,,,,,,,,,,,,,,,,,,,,,,,,,n/a,,Google Earth visible.,,IRR,MYN,95.903834,20.721658,Complete,Unknown 45,,DAM0237,POINT (95.903834 20.721658),Mandalay,Pyawbwe,MMR010024
0,,,,,,,,,,,,,,,,,,,,,,,,,,,,,,,,,,,,,,,,,n/a,,Google Earth visible.,,IRR,MYN,96.02702,20.854343,Complete,Unknown 46,,DAM0238,POINT (96.02701999999999 20.854343),Mandalay,Thazi,MMR010030
0,,,,,,,,,,,,,,,,,,,,,,,,,,,,,,,,,,,,,,,,,n/a,,Google Earth visible.,,IRR,MYN,95.833504,21.038121,Complete,Unknown 48,,DAM0239,POINT (95.833504 21.038121),Mandalay,Wundwin,MMR010031
0,,,,,,,,,,,,,,,,,,,,,,,,,,,,,,,,,,,,,,,,,n/a,,Google Earth visible.,,IRR,MYN,95.831831,21.050036,Complete,Unknown 49,,DAM0240,POINT (95.83183099999999 21.050036),Mandalay,Wundwin,MMR010031
0,,,,,,,,,,,,,,,,,,,,,,,,,,,,,,,,,,,,,,,,,n/a,,Google Earth visible.,,IRR,MYN,95.728497,21.013475,Complete,Unknown 51,,DAM0241,POINT (95.728497 21.013475),Mandalay,Mahlaing,MMR010029
0,,,,,,,,,,,,,,,,,,,,,,,,,,,,,,,,,,,,,,,,,n/a,,Google Earth visible.,,IRR,MYN,95.846709,21.739152,Complete,Unknown 56,,DAM0242,POINT (95.846709 21.739152),Mandalay,Tada-U,MMR010016
0,,,,,,,,,,,,,,,,,,,,,,,,,,,,,,,,,,,,,,,,,n/a,,Google Earth visible.,,IRR,MYN,95.892268,21.773814,Complete,Unknown 57,,DAM0243,POINT (95.892268 21.773814),Mandalay,Tada-U,MMR010016
0,,,,,,,,,,,,,,,,,,,,,,,,,,,,,,,,,,,,,,,,,n/a,,Google Earth visible.,,IRR,MYN,95.8671,21.468135,Complete,Unknown 61,,DAM0244,POINT (95.86709999999999 21.468135),Mandalay,Natogyi,MMR010019
0,,,,,,,,,,,,,,,,,,,,,,,,,,,,,,,,,,,,,,,,,n/a,,Google Earth visible.,,IRR,MYN,95.252143,18.651777,Complete,Unknown 65,,DAM0245,POINT (95.252143 18.651777),Bago (West),Shwedaung,MMR008006
0,,,,,,,,,,,,,,,,,,,,,,,,,,,,,,,,,,,,,,,,,n/a,,Google Earth visible.,,IRR,MYN,96.169439,20.583214,Complete,Unknown 66,,DAM0246,POINT (96.169439 20.583214),Mandalay,Pyawbwe,MMR010024
0,,,,,,,,,,,,,,,,,,,,,,,,,,,,,,,,,,,,,,,,,n/a,,Google Earth visible.,,IRR,MYN,95.862392,22.09474,Complete,Unknown 67,,DAM0247,POINT (95.862392 22.09474),Sagaing,Sagaing,MMR005001
0,,,,,,,,,,,,,,,,,,,,,,,,,,,,,,,,,,,,,,,,,n/a,,Google Earth visible.,,IRR,MYN,95.35271,20.768534,Complete,Unknown 68,,DAM0248,POINT (95.35271 20.768534),Mandalay,Kyaukpadaung,MMR010020
0,,,,,,,,,,,,,,,,,,,,,,,,,,,,,,,,,,,,,,,,,n/a,,Google Earth visible.,,IRR,MYN,95.355246,20.762818,Complete,Unknown 69,,DAM0249,POINT (95.35524599999999 20.762818),Mandalay,Kyaukpadaung,MMR010020
0,,,,,,,,,,,,,,,,,,,,,,,,,,,,,,,,,,,,,,,,,n/a,,Google Earth visible.,,IRR,MYN,95.383724,20.740185,Complete,Unknown 70,,DAM0250,POINT (95.383724 20.740185),Mandalay,Kyaukpadaung,MMR010020
0,,,,,,,,,,,,,,,,,,,,,,,,,,,,,,,,,,,,,,,,,n/a,,Google Earth visible.,,IRR,MYN,95.386066,20.758838,Complete,Unknown 71,,DAM0251,POINT (95.386066 20.758838),Mandalay,Kyaukpadaung,MMR010020
0,,,,,,,,,,,,,,,,,,,,,,,,,,,,,,,,,,,,,,,,,n/a,,Google Earth visible.,,IRR,MYN,95.400055,20.751761,Complete,Unknown 72,,DAM0252,POINT (95.40005499999999 20.751761),Mandalay,Kyaukpadaung,MMR010020
0,,,,,,,,,,,,,,,,,,,,,,,,,,,,,,,,,,,,,,,,,n/a,,Google Earth visible.,,IRR,MYN,95.424149,20.720078,Complete,Unknown 73,,DAM0253,POINT (95.424149 20.720078),Mandalay,Kyaukpadaung,MMR010020
0,,,,,,,,,,,,,,,,,,,,,,,,,,,,,,,,,,,,,,,,,n/a,,Google Earth visible.,,IRR,MYN,95.540688,21.546729,Complete,Unknown 74,,DAM0254,POINT (95.540688 21.546729),Mandalay,Myingyan,MMR010017
0,,,,,,,,,,,,,,,,,,,,,,,,,,,,,,,,,,,,,,,,,n/a,,Google Earth visible.,,IRR,MYN,95.534877,21.505946,Complete,Unknown 75,,DAM0255,POINT (95.53487699999999 21.505946),Mandalay,Myingyan,MMR010017
0,,,,,,,,,,,,,,,,,,,,,,,,,,,,,,,,,,,,,,,,,n/a,,See notes for Mone Dam,,IRR,MYN,95.518783,21.385758,Complete,Unknown 76,,DAM0256,POINT (95.518783 21.385758),Mandalay,Natogyi,MMR010019
0,,,,,,,,,,,,,,,,,,,,,,,,,,,,,,,,,,,,,,,,,,,,,MP,MYN,94.367835,20.869511,Complete,Unknown 77,,DAM0257,POINT (94.367835 20.869511),Magway,Seikphyu,MMR009022
0,,,,,,,,,,,,,,,,,,,,,,,,,,,,,,,,,,,,,,,,,n/a,,Google Earth visible.,,IRR,MYN,95.855019,18.281025,Complete,Unknown 79,,DAM0258,POINT (95.855019 18.281025),Bago (West),Okpho,MMR008010
0,,,,,,,,,,,,,,,,,,,,,,,,,,,,,,,,,,,,,,,,,n/a,,Google Earth visible.,,IRR,MYN,96.014876,17.623217,Complete,Unknown 84,,DAM0259,POINT (96.014876 17.623217),Yangon,Taikkyi,MMR013005
0,,,,,,,,,,,,,,,,,,,,,,,,,,,,,,,,,,,,,,,,,n/a,,Google Earth visible.,,IRR,MYN,96.366141,17.548282,Complete,Unknown 88,,DAM0260,POINT (96.366141 17.548282),Bago (East),Bago,MMR007001
0,,,,,,,,,,,,,,,,,,,,,,,,,,,,,,,,,,,,,,,,,105,,"Location an estimate based on the map ""Hydropower & Dams in South East Asia to Commemorate the Sixth International Conference and Exhibition on Water Resources and Hydropower Development in Asia. Vientiane, Lao PDR, March 2016. Published by the Internati",Nam Pawn,HP,MYN,97.417853,19.480045,Planned,Lower Nam Pawn,,DAM0262,POINT (97.41785299999999 19.480045),Kayah,Loikaw,MMR002001
0,,,,,,,,,,,,,,,,,,,,,,,,,,,,,194.2,,,,China Hydropower Engineering Consulting Group (HydroChina),,,,,,,,n/a,826.852,Google Earth visible.,Balu Chaung,IRR,MYN,97.097256,19.792636,Complete,Mobyè,1971,DAM0264,POINT (97.097256 19.792636),Shan (South),Pekon,MMR014010
0,,,,,,,,,,,,,,,,,,,,,,,,,,,,,,,,,"Yunnan Power Grid, SDIC Huaijing",,,,,,,,200,,"Location an estimate based on maps in ""Project for Formulation of the National Electricity Master Plan for the Republic of Myanmar"".",Nam Hka,HP,MYN,98.772066,22.056938,Proposed,Nam Hka,,DAM0265,POINT (98.772066 22.056938),Shan (North),Matman,MMR015024
0,,,,,,,,,,,,,,,,,,,,,,,,,,,,,,,,,,,,,,,,,n/a,826.852,Google Earth visible.,Ngwetaung,IRR,MYN,97.163331,19.555742,Complete,Ngwedaung,1965,DAM0266,POINT (97.163331 19.555742),Kayah,Demoso,MMR002002
0,,,,,,,,,,,,,,,,,,,,,,,1584.882658,,,,,,3.85,,,,,,,,,,,,n/a,69.104,See http://www.irrawaddy.com/burma/meeting-salween-dams-troubles-shan-communities.html/attachment/map-shan-ngo-dams,Shwenattaung,IRR,MYN,97.657402,16.411455,Complete,Shwenattaung,1996,DAM0268,POINT (97.657402 16.411455),Mon,Mawlamyine,MMR011001
0,,,,,,,,,,,,,,,,,,,,,,,,,,,,,,,,,,,,,,,,,19,,Location uncertain. Described as under construction here: https://cdm.unfccc.int/filestorage/M/A/B/MABJRWF82L1DGKX4QCNOVSEH673ZP0/PDD_UB-2_ver1_131031.pdf?t=VGh8bzMxbDF5fDBh34XFFoXWAt3fwfAVE7xS,Balchuang,HP,MYN,96.689153,20.478991,UC,Upper Baluchaung 1,2016,DAM0269,POINT (96.689153 20.478991),Shan (South),Pinlaung,MMR014009
0,,,,,,,,,,,,,,,,,,,,,,,,,,,,,,,,,,,,,,,,,180,,"Bawlakae is not mentioned in the MOEP list; we assume that this is the same as Bawlakae because of same installed capacity. Location an estimate based on the map ""Hydropower & Dams in South East Asia to Commemorate the Sixth International Conference and",Nam Pawn,HP,MYN,97.344749,19.177977,Proposed,Upper Haw Kham,2031,DAM0270,POINT (97.34474899999999 19.177977),Kayah,Bawlake,MMR002005
0,,,,,,,,,,,,,,,,,,,,,,,,,,,,,,,,,,,,,,,,,150,,"On MoEP list; location an estimate from ""Hydropower & Dams in South East Asia to Commemorate the Sixth International Conference and Exhibition on Water Resources and Hydropower Development in Asia"". Vientiane, Lao PDR, March 2016. Published by the Intern",Nam Pawn,HP,MYN,97.40098,19.995674,Planned,Upper Nam Pawn,,DAM0271,POINT (97.40098 19.995674),Shan (South),Hsihseng,MMR014004
0,,,,,,,,,,,,,,,,,,,,,,,,,,,,,,,,,,,,,,,,,1400,,Location: http://www.burmariversnetwork.org/index.php?option=com_content&view=article&id=981&Itemid=392; also http://www.irrawaddy.com/burma/meeting-salween-dams-troubles-shan-communities.html/attachment/map-shan-ngo-dams,Salween,HP,MYN,98.601643,23.423472,Planned,Upper Salween,2025,DAM0272,POINT (98.601643 23.423472),Shan (North),Kunlong,MMR015020
0,,,,,,,,,,,,,,,,,,,,,,,4.87,,,,,,0.8,,,,,,,,,,,,,4.23,Google Earth visible.,Wanpon,IRR,MYN,97.648021,20.938172,Complete,Wanpon,2005,DAM0273,POINT (97.648021 20.938172),Shan (South),Nansang,MMR014013
0,,,,,,,,,,,,,,,,,,,,,,,,,,,,,640.0,,,,,,,,,,,,5800,,Location derived from https://en.wikipedia.org/wiki/Dams_in_Myanmar#Hydroelectric,Salween,HP,MYN,97.359484,18.632617,Planned,Weigyi,,DAM0274,POINT (97.35948399999999 18.632617),Kayah,Hpasawng,MMR002006
0,,,,,,,,,,,,,,,,,,,,,,,,,,,,,,,,,China Datang Corporation – Datang Overseas Investment,,,,,,,,4000,,"Location an estimate based on the map ""Hydropower & Dams in South East Asia to Commemorate the Sixth International Conference and Exhibition on Water Resources and Hydropower Development in Asia. Vientiane, Lao PDR, March 2016. Published by the Internati",Salween,HP,MYN,97.732943,19.777904,Planned,Ywathit,2025,DAM0275,POINT (97.73294300000001 19.777904),Shan (South),Mawkmai,MMR014020
0,,,,,,,,,,,,,,,,,,,,,,,,,,,,,,,,,,,,,,,,,,,"See notes for Baluchaun 1, 2 and 3 above.",Baluchaung,HP,MYN,97.31465,19.572117,Complete,Unknown 12,,DAM0276,POINT (97.31465 19.572117),Kayah,Loikaw,MMR002001
